[{"model": "admin_interface.theme", "pk": 1, "fields": {"name": "Main", "active": true, "title": "Smartest Administration", "title_color": "#F5DD5D", "title_visible": true, "logo": "", "logo_color": "#FFFFFF", "logo_max_width": 400, "logo_max_height": 100, "logo_visible": false, "favicon": "", "env_name": "", "env_color": "#E74C3C", "env_visible_in_header": true, "env_visible_in_favicon": true, "language_chooser_active": true, "language_chooser_control": "default-select", "language_chooser_display": "code", "css_header_background_color": "#0C4B33", "css_header_text_color": "#44B78B", "css_header_link_color": "#FFFFFF", "css_header_link_hover_color": "#C9F0DD", "css_module_background_color": "#44B78B", "css_module_background_selected_color": "#FFFFCC", "css_module_text_color": "#FFFFFF", "css_module_link_color": "#FFFFFF", "css_module_link_selected_color": "#FFFFFF", "css_module_link_hover_color": "#C9F0DD", "css_module_rounded_corners": true, "css_generic_link_color": "#0C3C26", "css_generic_link_hover_color": "#156641", "css_generic_link_active_color": "#29B864", "css_save_button_background_color": "#0C4B33", "css_save_button_background_hover_color": "#0C3C26", "css_save_button_text_color": "#FFFFFF", "css_delete_button_background_color": "#BA2121", "css_delete_button_background_hover_color": "#A41515", "css_delete_button_text_color": "#FFFFFF", "related_modal_active": true, "related_modal_background_color": "#000000", "related_modal_background_opacity": "0.3", "related_modal_rounded_corners": true, "related_modal_close_button_visible": true, "list_filter_highlight": true, "list_filter_dropdown": true, "list_filter_sticky": true, "list_filter_removal_links": false, "foldable_apps": true, "show_fieldsets_as_tabs": false, "show_inlines_as_tabs": false, "collapsible_stacked_inlines": false, "collapsible_stacked_inlines_collapsed": true, "collapsible_tabular_inlines": false, "collapsible_tabular_inlines_collapsed": true, "recent_actions_visible": true, "form_submit_sticky": false, "form_pagination_sticky": false}}, {"model": "sessions.session", "pk": "9v31lf0qq4nvp40pif798huvah2wpd0q", "fields": {"session_data": ".eJxVjEsKwjAUAO-StYS8fJro0r1nCHmf2Kq00LQr8e4S6EK3M8O8VS77Nua9yZonVhcF6vTLsNBT5i74Ueb7ommZt3VC3RN92KZvC8vrerR_g7G0sW_jQIksG-cdRrQBSCQmiZCYz0Nw1SNxKUYcAiP4ADaQq9VYDxRAfb7k8jfm:1svJc4:xGfX3_bAJuBPXwjX7UPEdAyQxSQ2i7_86lM5wmaowOg", "expire_date": "2024-10-14T16:51:08.627Z"}}, {"model": "sessions.session", "pk": "l43fd9ngkqecfc82gmrx0d8dt0x9vhy6", "fields": {"session_data": ".eJxVjMEOwiAQBf-FsyFAYQGP3v0GsiwgVQNJaU_Gf9cmPej1zcx7sYDbWsM28hLmxM5MstPvFpEeue0g3bHdOqfe1mWOfFf4QQe_9pSfl8P9O6g46reO0SsBmgqAmUiDQgLnS_YyadCaEiVQRMaDdsUIjxZNkda4SZScrWHvD9_eN8A:1sbguC:abHM9TUk8Epj5_cDh7tIbqi225oEw711ck0yQFMzPTs", "expire_date": "2024-08-21T13:40:44.551Z"}}, {"model": "sessions.session", "pk": "opuyjwhl00ohmuy6bnf8zz9tipa5uzjb", "fields": {"session_data": ".eJxVjEsKwjAUAO-StYS8fJro0r1nCHmf2Kq00LQr8e4S6EK3M8O8VS77Nua9yZonVhcF6vTLsNBT5i74Ueb7ommZt3VC3RN92KZvC8vrerR_g7G0sW_jQIksG-cdRrQBSCQmiZCYz0Nw1SNxKUYcAiP4ADaQq9VYDxRAfb7k8jfm:1svHLl:WAsbjt5gVH1tzEBuyL4SkW6lmSXkPKwmy2yTOfnOmw0", "expire_date": "2024-10-14T14:26:09.007Z"}}, {"model": "sessions.session", "pk": "rikqnrutd64od6xrmpqogak82t3ft8q8", "fields": {"session_data": ".eJxVjEsKwjAUAO-StYS8fJro0r1nCHmf2Kq00LQr8e4S6EK3M8O8VS77Nua9yZonVhcF6vTLsNBT5i74Ueb7ommZt3VC3RN92KZvC8vrerR_g7G0sW_jQIksG-cdRrQBSCQmiZCYz0Nw1SNxKUYcAiP4ADaQq9VYDxRAfb7k8jfm:1svVbl:fw-cpHnzx2wg2Zext0iFaemIw0QXexw_VwWGhZaoecE", "expire_date": "2024-10-15T05:39:37.532Z"}}, {"model": "main.standard", "pk": "4b799457-6581-419b-9dfd-96f8fca0197e", "fields": {"created_at": "2024-08-29T23:09:13.737Z", "updated_at": "2024-08-29T23:09:13.737Z", "creator": null, "is_active": true, "name": "Class 7", "code": "7"}}, {"model": "main.standard", "pk": "612267d6-e7ee-497a-8fb0-2770c395189e", "fields": {"created_at": "2024-08-29T23:09:13.736Z", "updated_at": "2024-08-29T23:09:13.736Z", "creator": null, "is_active": true, "name": "Class 6", "code": "6"}}, {"model": "main.standard", "pk": "6898fe2c-5d2e-4c34-be3f-d33ed4a6779d", "fields": {"created_at": "2024-08-29T23:09:13.739Z", "updated_at": "2024-08-29T23:09:13.739Z", "creator": null, "is_active": true, "name": "Class 9", "code": "9"}}, {"model": "main.standard", "pk": "786229aa-8f1a-4eff-9ffa-1dc7ae6c74a0", "fields": {"created_at": "2024-08-29T23:09:13.733Z", "updated_at": "2024-08-29T23:09:13.733Z", "creator": null, "is_active": true, "name": "Class 4", "code": "4"}}, {"model": "main.standard", "pk": "81c0c88a-1e64-4b51-9883-a1d867d0973a", "fields": {"created_at": "2024-08-29T23:09:13.730Z", "updated_at": "2024-08-29T23:09:13.730Z", "creator": null, "is_active": true, "name": "Class 2", "code": "2"}}, {"model": "main.standard", "pk": "a7a2c18a-6ed9-422b-ae64-017ffc0a00ff", "fields": {"created_at": "2024-08-29T23:09:13.738Z", "updated_at": "2024-08-29T23:09:13.738Z", "creator": null, "is_active": true, "name": "Class 8", "code": "8"}}, {"model": "main.standard", "pk": "b2b75b71-c8d7-411a-be87-3cc873e27dec", "fields": {"created_at": "2024-08-29T23:09:13.731Z", "updated_at": "2024-08-29T23:09:13.731Z", "creator": null, "is_active": true, "name": "Class 3", "code": "3"}}, {"model": "main.standard", "pk": "baba45bb-c7ae-4112-b049-20ec728a5fc0", "fields": {"created_at": "2024-08-29T23:09:13.741Z", "updated_at": "2024-08-29T23:09:13.741Z", "creator": null, "is_active": true, "name": "Class 10", "code": "10"}}, {"model": "main.standard", "pk": "cc6d1bc2-7bfd-4d8e-a0b6-398fd8db1e37", "fields": {"created_at": "2024-08-29T23:09:13.729Z", "updated_at": "2024-08-29T23:09:13.729Z", "creator": null, "is_active": true, "name": "Class 1", "code": "1"}}, {"model": "main.standard", "pk": "e44f48d9-c35b-445a-b11e-29eb30be5e33", "fields": {"created_at": "2024-08-29T23:09:13.734Z", "updated_at": "2024-08-29T23:09:13.734Z", "creator": null, "is_active": true, "name": "Class 5", "code": "5"}}, {"model": "main.subject", "pk": "00e1d7b8-c905-4054-8a48-e5b19be9e014", "fields": {"created_at": "2024-08-29T23:12:14.363Z", "updated_at": "2024-08-29T23:12:14.363Z", "creator": null, "is_active": true, "standard": "6898fe2c-5d2e-4c34-be3f-d33ed4a6779d", "name": "Malayalam", "code": "MAL009"}}, {"model": "main.subject", "pk": "02b13e2c-261a-4de5-b97f-c4a1669f8c11", "fields": {"created_at": "2024-08-29T23:12:14.291Z", "updated_at": "2024-08-29T23:12:14.291Z", "creator": null, "is_active": true, "standard": "786229aa-8f1a-4eff-9ffa-1dc7ae6c74a0", "name": "Environmental Studies (EVS)", "code": "EVS004"}}, {"model": "main.subject", "pk": "056b5343-8714-4a4e-883a-f9e61996fc07", "fields": {"created_at": "2024-08-29T23:12:14.378Z", "updated_at": "2024-08-29T23:12:14.378Z", "creator": null, "is_active": true, "standard": "6898fe2c-5d2e-4c34-be3f-d33ed4a6779d", "name": "Economics", "code": "ECO009"}}, {"model": "main.subject", "pk": "06bc5f91-91a8-419a-88a3-88a4f1f5539e", "fields": {"created_at": "2024-08-29T23:12:14.375Z", "updated_at": "2024-08-29T23:12:14.375Z", "creator": null, "is_active": true, "standard": "6898fe2c-5d2e-4c34-be3f-d33ed4a6779d", "name": "Geography", "code": "GEO009"}}, {"model": "main.subject", "pk": "08625061-e728-4db2-80f0-3401bdd667e7", "fields": {"created_at": "2024-08-29T23:12:14.315Z", "updated_at": "2024-08-29T23:12:14.315Z", "creator": null, "is_active": true, "standard": "612267d6-e7ee-497a-8fb0-2770c395189e", "name": "Social Science", "code": "SOC006"}}, {"model": "main.subject", "pk": "0a451908-bf3e-4516-8cc7-b462009f65da", "fields": {"created_at": "2024-08-29T23:12:14.340Z", "updated_at": "2024-08-29T23:12:14.340Z", "creator": null, "is_active": true, "standard": "a7a2c18a-6ed9-422b-ae64-017ffc0a00ff", "name": "Chemistry", "code": "CHE008"}}, {"model": "main.subject", "pk": "105377ec-5077-415c-9be8-1198791d71b5", "fields": {"created_at": "2024-08-29T23:12:14.377Z", "updated_at": "2024-08-29T23:12:14.377Z", "creator": null, "is_active": true, "standard": "6898fe2c-5d2e-4c34-be3f-d33ed4a6779d", "name": "Civics", "code": "CIV009"}}, {"model": "main.subject", "pk": "13325d7a-2499-42f9-8450-12dbae9ad9ca", "fields": {"created_at": "2024-08-29T23:12:14.380Z", "updated_at": "2024-10-01T05:36:30.770Z", "creator": null, "is_active": true, "standard": "6898fe2c-5d2e-4c34-be3f-d33ed4a6779d", "name": "ICT", "code": "ICT009"}}, {"model": "main.subject", "pk": "15d5ff72-141c-496c-888c-6401340004de", "fields": {"created_at": "2024-08-29T23:12:14.307Z", "updated_at": "2024-08-29T23:12:14.307Z", "creator": null, "is_active": true, "standard": "e44f48d9-c35b-445a-b11e-29eb30be5e33", "name": "Art Education", "code": "ART005"}}, {"model": "main.subject", "pk": "16780d93-48b3-4a1a-a80a-636ecd04093b", "fields": {"created_at": "2024-08-29T23:12:14.352Z", "updated_at": "2024-08-29T23:12:14.352Z", "creator": null, "is_active": true, "standard": "a7a2c18a-6ed9-422b-ae64-017ffc0a00ff", "name": "Art Education", "code": "ART008"}}, {"model": "main.subject", "pk": "16c8b934-2354-4276-ab75-498e5425e4b2", "fields": {"created_at": "2024-08-29T23:12:14.345Z", "updated_at": "2024-08-29T23:12:14.345Z", "creator": null, "is_active": true, "standard": "a7a2c18a-6ed9-422b-ae64-017ffc0a00ff", "name": "Geography", "code": "GEO008"}}, {"model": "main.subject", "pk": "220362be-8fd1-42c0-89f4-807b35edeb44", "fields": {"created_at": "2024-08-29T23:12:14.296Z", "updated_at": "2024-08-29T23:12:14.296Z", "creator": null, "is_active": true, "standard": "e44f48d9-c35b-445a-b11e-29eb30be5e33", "name": "Malayalam", "code": "MAL005"}}, {"model": "main.subject", "pk": "22c14d94-a58f-44c6-868b-acb2f09e6612", "fields": {"created_at": "2024-08-29T23:12:14.407Z", "updated_at": "2024-10-01T05:36:27.314Z", "creator": null, "is_active": true, "standard": "baba45bb-c7ae-4112-b049-20ec728a5fc0", "name": "ICT", "code": "ICT0010"}}, {"model": "main.subject", "pk": "22ff8b2d-ad20-4b59-960d-d27a5b693aaa", "fields": {"created_at": "2024-08-29T23:12:14.287Z", "updated_at": "2024-08-29T23:12:14.287Z", "creator": null, "is_active": true, "standard": "786229aa-8f1a-4eff-9ffa-1dc7ae6c74a0", "name": "Malayalam", "code": "MAL004"}}, {"model": "main.subject", "pk": "2342ae34-45d4-49f9-8f96-265ef7ddd554", "fields": {"created_at": "2024-08-29T23:12:14.277Z", "updated_at": "2024-08-29T23:12:14.277Z", "creator": null, "is_active": true, "standard": "81c0c88a-1e64-4b51-9883-a1d867d0973a", "name": "Mathematics", "code": "MATH002"}}, {"model": "main.subject", "pk": "2521eef0-8e38-428e-8690-3d02b2835fc1", "fields": {"created_at": "2024-08-29T23:12:14.312Z", "updated_at": "2024-08-29T23:12:14.312Z", "creator": null, "is_active": true, "standard": "612267d6-e7ee-497a-8fb0-2770c395189e", "name": "Hindi", "code": "HIN006"}}, {"model": "main.subject", "pk": "2541155c-f71c-4738-9a74-d552d718069d", "fields": {"created_at": "2024-08-29T23:12:14.373Z", "updated_at": "2024-08-29T23:12:14.373Z", "creator": null, "is_active": true, "standard": "6898fe2c-5d2e-4c34-be3f-d33ed4a6779d", "name": "Social Science", "code": "SOC009"}}, {"model": "main.subject", "pk": "264726d6-5436-45f1-997d-e628027af044", "fields": {"created_at": "2024-08-29T23:12:14.402Z", "updated_at": "2024-08-29T23:12:14.402Z", "creator": null, "is_active": true, "standard": "baba45bb-c7ae-4112-b049-20ec728a5fc0", "name": "Social Science", "code": "SOC0010"}}, {"model": "main.subject", "pk": "26554a32-2709-4a7c-977e-e99cdeaaf96f", "fields": {"created_at": "2024-08-29T23:12:14.397Z", "updated_at": "2024-08-29T23:12:14.397Z", "creator": null, "is_active": true, "standard": "baba45bb-c7ae-4112-b049-20ec728a5fc0", "name": "Physics", "code": "PHY0010"}}, {"model": "main.subject", "pk": "27e972f2-5d8e-467b-80df-6637d1f88c82", "fields": {"created_at": "2024-08-29T23:12:14.276Z", "updated_at": "2024-08-29T23:12:14.276Z", "creator": null, "is_active": true, "standard": "81c0c88a-1e64-4b51-9883-a1d867d0973a", "name": "English", "code": "ENG002"}}, {"model": "main.subject", "pk": "2ae2e3a2-26d5-44e9-b26d-b149cfdf6019", "fields": {"created_at": "2024-08-29T23:12:14.357Z", "updated_at": "2024-08-29T23:12:14.357Z", "creator": null, "is_active": true, "standard": "a7a2c18a-6ed9-422b-ae64-017ffc0a00ff", "name": "Sanskrit", "code": "SAN008"}}, {"model": "main.subject", "pk": "31ef61e6-dc4e-4962-8ff9-c6b4bdb81fa1", "fields": {"created_at": "2024-08-29T23:12:14.269Z", "updated_at": "2024-08-29T23:12:14.269Z", "creator": null, "is_active": true, "standard": "cc6d1bc2-7bfd-4d8e-a0b6-398fd8db1e37", "name": "Malayalam", "code": "MAL001"}}, {"model": "main.subject", "pk": "3384d679-c9db-409b-af5d-da1ed068471e", "fields": {"created_at": "2024-08-29T23:12:14.355Z", "updated_at": "2024-08-29T23:12:14.355Z", "creator": null, "is_active": true, "standard": "a7a2c18a-6ed9-422b-ae64-017ffc0a00ff", "name": "Arabic", "code": "ARB008"}}, {"model": "main.subject", "pk": "3746320d-4793-40bb-9c9b-29205ce3b0a8", "fields": {"created_at": "2024-08-29T23:12:14.288Z", "updated_at": "2024-08-29T23:12:14.288Z", "creator": null, "is_active": true, "standard": "786229aa-8f1a-4eff-9ffa-1dc7ae6c74a0", "name": "English", "code": "ENG004"}}, {"model": "main.subject", "pk": "3e19976f-5d14-455d-83ed-7531ef4002bd", "fields": {"created_at": "2024-08-29T23:12:14.335Z", "updated_at": "2024-08-29T23:12:14.335Z", "creator": null, "is_active": true, "standard": "a7a2c18a-6ed9-422b-ae64-017ffc0a00ff", "name": "English", "code": "ENG008"}}, {"model": "main.subject", "pk": "3fd24cc6-ea22-4bab-bea0-c9c81a369234", "fields": {"created_at": "2024-08-29T23:12:14.310Z", "updated_at": "2024-08-29T23:12:14.310Z", "creator": null, "is_active": true, "standard": "612267d6-e7ee-497a-8fb0-2770c395189e", "name": "English", "code": "ENG006"}}, {"model": "main.subject", "pk": "42c923e5-3523-4944-8f2c-a89d88360890", "fields": {"created_at": "2024-08-29T23:12:14.332Z", "updated_at": "2024-08-29T23:12:14.332Z", "creator": null, "is_active": true, "standard": "4b799457-6581-419b-9dfd-96f8fca0197e", "name": "Art Education", "code": "ART007"}}, {"model": "main.subject", "pk": "452be0b9-3a50-4e8c-a5c9-ec631c1edf25", "fields": {"created_at": "2024-08-29T23:12:14.299Z", "updated_at": "2024-08-29T23:12:14.299Z", "creator": null, "is_active": true, "standard": "e44f48d9-c35b-445a-b11e-29eb30be5e33", "name": "Hindi", "code": "HIN005"}}, {"model": "main.subject", "pk": "478faaaf-5a06-4529-89a9-2b14ddcdf9c0", "fields": {"created_at": "2024-08-29T23:12:14.338Z", "updated_at": "2024-08-29T23:12:14.338Z", "creator": null, "is_active": true, "standard": "a7a2c18a-6ed9-422b-ae64-017ffc0a00ff", "name": "Mathematics", "code": "MATH008"}}, {"model": "main.subject", "pk": "4cd5a1b7-58d1-4645-b290-9dc6d0185300", "fields": {"created_at": "2024-08-29T23:12:14.303Z", "updated_at": "2024-08-29T23:12:14.303Z", "creator": null, "is_active": true, "standard": "e44f48d9-c35b-445a-b11e-29eb30be5e33", "name": "Social Science", "code": "SOC005"}}, {"model": "main.subject", "pk": "508dc728-a439-4b46-a93c-1e7bf676e28c", "fields": {"created_at": "2024-08-29T23:12:14.370Z", "updated_at": "2024-08-29T23:12:14.370Z", "creator": null, "is_active": true, "standard": "6898fe2c-5d2e-4c34-be3f-d33ed4a6779d", "name": "Chemistry", "code": "CHE009"}}, {"model": "main.subject", "pk": "52400dd7-b64f-455d-a063-4b50c5d870db", "fields": {"created_at": "2024-08-29T23:12:14.364Z", "updated_at": "2024-08-29T23:12:14.364Z", "creator": null, "is_active": true, "standard": "6898fe2c-5d2e-4c34-be3f-d33ed4a6779d", "name": "English", "code": "ENG009"}}, {"model": "main.subject", "pk": "536b7e9f-ee75-4856-a184-85a0681a22e0", "fields": {"created_at": "2024-08-29T23:12:14.347Z", "updated_at": "2024-08-29T23:12:14.347Z", "creator": null, "is_active": true, "standard": "a7a2c18a-6ed9-422b-ae64-017ffc0a00ff", "name": "Economics", "code": "ECO008"}}, {"model": "main.subject", "pk": "5a9bfa58-f271-4f53-a32d-7036f01f2ae5", "fields": {"created_at": "2024-08-29T23:12:14.325Z", "updated_at": "2024-08-29T23:12:14.325Z", "creator": null, "is_active": true, "standard": "4b799457-6581-419b-9dfd-96f8fca0197e", "name": "Mathematics", "code": "MATH007"}}, {"model": "main.subject", "pk": "5aeb1f6a-ee93-4c3c-8804-57b004906bef", "fields": {"created_at": "2024-08-29T23:12:14.349Z", "updated_at": "2024-10-01T05:36:24.187Z", "creator": null, "is_active": true, "standard": "a7a2c18a-6ed9-422b-ae64-017ffc0a00ff", "name": "ICT", "code": "ICT008"}}, {"model": "main.subject", "pk": "5c66545a-29b7-4d5a-a957-1461e682a903", "fields": {"created_at": "2024-08-29T23:12:14.327Z", "updated_at": "2024-08-29T23:12:14.327Z", "creator": null, "is_active": true, "standard": "4b799457-6581-419b-9dfd-96f8fca0197e", "name": "Social Science", "code": "SOC007"}}, {"model": "main.subject", "pk": "5dafa909-8def-4593-b7e7-816e98c707e2", "fields": {"created_at": "2024-08-29T23:12:14.385Z", "updated_at": "2024-08-29T23:12:14.385Z", "creator": null, "is_active": true, "standard": "6898fe2c-5d2e-4c34-be3f-d33ed4a6779d", "name": "Arabic", "code": "ARB009"}}, {"model": "main.subject", "pk": "64c31ae6-3aaf-4ba7-a55e-3ef02546acb4", "fields": {"created_at": "2024-08-29T23:12:14.394Z", "updated_at": "2024-08-29T23:12:14.394Z", "creator": null, "is_active": true, "standard": "baba45bb-c7ae-4112-b049-20ec728a5fc0", "name": "Hindi", "code": "HIN0010"}}, {"model": "main.subject", "pk": "656f3519-c56b-4951-a690-fec448dd361e", "fields": {"created_at": "2024-08-29T23:12:14.398Z", "updated_at": "2024-08-29T23:12:14.398Z", "creator": null, "is_active": true, "standard": "baba45bb-c7ae-4112-b049-20ec728a5fc0", "name": "Chemistry", "code": "CHE0010"}}, {"model": "main.subject", "pk": "6627dd8c-b134-42a6-8dba-5f87128e1d8c", "fields": {"created_at": "2024-08-29T23:12:14.294Z", "updated_at": "2024-08-29T23:12:14.294Z", "creator": null, "is_active": true, "standard": "786229aa-8f1a-4eff-9ffa-1dc7ae6c74a0", "name": "Hindi", "code": "HIN004"}}, {"model": "main.subject", "pk": "705036a0-aea2-43b3-b041-f075692ae4a8", "fields": {"created_at": "2024-08-29T23:12:14.285Z", "updated_at": "2024-08-29T23:12:14.285Z", "creator": null, "is_active": true, "standard": "b2b75b71-c8d7-411a-be87-3cc873e27dec", "name": "Environmental Studies (EVS)", "code": "EVS003"}}, {"model": "main.subject", "pk": "7199058c-5e8e-4775-978c-ce4f6b03d3d4", "fields": {"created_at": "2024-08-29T23:12:14.282Z", "updated_at": "2024-08-29T23:12:14.282Z", "creator": null, "is_active": true, "standard": "b2b75b71-c8d7-411a-be87-3cc873e27dec", "name": "English", "code": "ENG003"}}, {"model": "main.subject", "pk": "72821cf9-5e6e-4998-8784-a6d91dbec731", "fields": {"created_at": "2024-08-29T23:12:14.272Z", "updated_at": "2024-08-29T23:12:14.272Z", "creator": null, "is_active": true, "standard": "cc6d1bc2-7bfd-4d8e-a0b6-398fd8db1e37", "name": "Mathematics", "code": "MATH001"}}, {"model": "main.subject", "pk": "7444b372-e235-41e2-bdbe-0686b8c60459", "fields": {"created_at": "2024-08-29T23:12:14.280Z", "updated_at": "2024-08-29T23:12:14.280Z", "creator": null, "is_active": true, "standard": "b2b75b71-c8d7-411a-be87-3cc873e27dec", "name": "Malayalam", "code": "MAL003"}}, {"model": "main.subject", "pk": "753f6c8d-19bd-4576-9a95-1b12e6345e94", "fields": {"created_at": "2024-08-29T23:12:14.400Z", "updated_at": "2024-08-29T23:12:14.400Z", "creator": null, "is_active": true, "standard": "baba45bb-c7ae-4112-b049-20ec728a5fc0", "name": "Biology", "code": "BIO0010"}}, {"model": "main.subject", "pk": "7feaf0f6-85bb-4896-93cf-d347416717cb", "fields": {"created_at": "2024-08-29T23:12:14.346Z", "updated_at": "2024-08-29T23:12:14.346Z", "creator": null, "is_active": true, "standard": "a7a2c18a-6ed9-422b-ae64-017ffc0a00ff", "name": "Civics", "code": "CIV008"}}, {"model": "main.subject", "pk": "8382946e-a6de-4e33-8733-e4fa635d6835", "fields": {"created_at": "2024-08-29T23:12:14.341Z", "updated_at": "2024-08-29T23:12:14.341Z", "creator": null, "is_active": true, "standard": "a7a2c18a-6ed9-422b-ae64-017ffc0a00ff", "name": "Biology", "code": "BIO008"}}, {"model": "main.subject", "pk": "865f34b3-c6bf-43b7-81dc-f36561e0f443", "fields": {"created_at": "2024-08-29T23:12:14.317Z", "updated_at": "2024-10-01T05:36:21.082Z", "creator": null, "is_active": true, "standard": "612267d6-e7ee-497a-8fb0-2770c395189e", "name": "ICT", "code": "ICT006"}}, {"model": "main.subject", "pk": "870e4eb1-ca1d-4a11-aedd-b2e1a3c60fa7", "fields": {"created_at": "2024-08-29T23:12:14.371Z", "updated_at": "2024-08-29T23:12:14.371Z", "creator": null, "is_active": true, "standard": "6898fe2c-5d2e-4c34-be3f-d33ed4a6779d", "name": "Biology", "code": "BIO009"}}, {"model": "main.subject", "pk": "8c7b960e-c139-4f37-b45c-57b44996acc9", "fields": {"created_at": "2024-08-29T23:12:14.274Z", "updated_at": "2024-08-29T23:12:14.274Z", "creator": null, "is_active": true, "standard": "cc6d1bc2-7bfd-4d8e-a0b6-398fd8db1e37", "name": "Environmental Studies (EVS)", "code": "EVS001"}}, {"model": "main.subject", "pk": "8e82c126-4405-4aa3-9c03-f493b92cfb33", "fields": {"created_at": "2024-08-29T23:12:14.328Z", "updated_at": "2024-10-01T05:36:17.221Z", "creator": null, "is_active": true, "standard": "4b799457-6581-419b-9dfd-96f8fca0197e", "name": "ICT", "code": "ICT007"}}, {"model": "main.subject", "pk": "91fa82ae-78cc-487b-b5c1-88ca49e53a17", "fields": {"created_at": "2024-08-29T23:12:14.283Z", "updated_at": "2024-08-29T23:12:14.283Z", "creator": null, "is_active": true, "standard": "b2b75b71-c8d7-411a-be87-3cc873e27dec", "name": "Mathematics", "code": "MATH003"}}, {"model": "main.subject", "pk": "96adb659-c0b1-4932-87a9-cf436fe0d529", "fields": {"created_at": "2024-10-01T03:45:24.276Z", "updated_at": "2024-10-01T03:46:47.529Z", "creator": null, "is_active": true, "standard": "baba45bb-c7ae-4112-b049-20ec728a5fc0", "name": "History", "code": "HIS0010"}}, {"model": "main.subject", "pk": "98654004-c5c7-4a14-8f77-4527b1584082", "fields": {"created_at": "2024-08-29T23:12:14.342Z", "updated_at": "2024-08-29T23:12:14.342Z", "creator": null, "is_active": true, "standard": "a7a2c18a-6ed9-422b-ae64-017ffc0a00ff", "name": "Social Science", "code": "SOC008"}}, {"model": "main.subject", "pk": "9a8b451e-cbad-41af-b0ae-5f2c9ec018a5", "fields": {"created_at": "2024-08-29T23:12:14.275Z", "updated_at": "2024-08-29T23:12:14.275Z", "creator": null, "is_active": true, "standard": "81c0c88a-1e64-4b51-9883-a1d867d0973a", "name": "Malayalam", "code": "MAL002"}}, {"model": "main.subject", "pk": "9c335bfd-42bd-4025-8c70-a6c6505661d9", "fields": {"created_at": "2024-08-29T23:12:14.293Z", "updated_at": "2024-08-29T23:12:14.293Z", "creator": null, "is_active": true, "standard": "b2b75b71-c8d7-411a-be87-3cc873e27dec", "name": "Hindi", "code": "HIN003"}}, {"model": "main.subject", "pk": "9cca69a3-0d1a-44dc-a1a1-f75b22bf4b6e", "fields": {"created_at": "2024-08-29T23:12:14.322Z", "updated_at": "2024-08-29T23:12:14.322Z", "creator": null, "is_active": true, "standard": "4b799457-6581-419b-9dfd-96f8fca0197e", "name": "English", "code": "ENG007"}}, {"model": "main.subject", "pk": "9f142528-4019-4830-9369-74be9f64329e", "fields": {"created_at": "2024-08-29T23:12:14.297Z", "updated_at": "2024-08-29T23:12:14.297Z", "creator": null, "is_active": true, "standard": "e44f48d9-c35b-445a-b11e-29eb30be5e33", "name": "English", "code": "ENG005"}}, {"model": "main.subject", "pk": "9fcb2c83-e209-4b7e-98fe-62e0911bfe08", "fields": {"created_at": "2024-08-29T23:12:14.314Z", "updated_at": "2024-08-29T23:12:14.314Z", "creator": null, "is_active": true, "standard": "612267d6-e7ee-497a-8fb0-2770c395189e", "name": "Science", "code": "SCI006"}}, {"model": "main.subject", "pk": "a0ffb699-d611-42ce-9a04-e620abd8559d", "fields": {"created_at": "2024-08-29T23:12:14.324Z", "updated_at": "2024-08-29T23:12:14.324Z", "creator": null, "is_active": true, "standard": "4b799457-6581-419b-9dfd-96f8fca0197e", "name": "Hindi", "code": "HIN007"}}, {"model": "main.subject", "pk": "a1ac2d21-a032-44db-bdbb-5fca9e2e83eb", "fields": {"created_at": "2024-08-29T23:12:14.337Z", "updated_at": "2024-08-29T23:12:14.337Z", "creator": null, "is_active": true, "standard": "a7a2c18a-6ed9-422b-ae64-017ffc0a00ff", "name": "Hindi", "code": "HIN008"}}, {"model": "main.subject", "pk": "a9a1f4fb-2a15-496a-a81f-7f0f0261d8fb", "fields": {"created_at": "2024-08-29T23:12:14.392Z", "updated_at": "2024-08-29T23:12:14.392Z", "creator": null, "is_active": true, "standard": "baba45bb-c7ae-4112-b049-20ec728a5fc0", "name": "English", "code": "ENG0010"}}, {"model": "main.subject", "pk": "aa0e787c-9588-48a6-911c-72ff94f66365", "fields": {"created_at": "2024-08-29T23:12:14.383Z", "updated_at": "2024-08-29T23:12:14.383Z", "creator": null, "is_active": true, "standard": "6898fe2c-5d2e-4c34-be3f-d33ed4a6779d", "name": "Art Education", "code": "ART009"}}, {"model": "main.subject", "pk": "afce8233-8e2d-4648-9376-cb733a1f04eb", "fields": {"created_at": "2024-08-29T23:12:14.367Z", "updated_at": "2024-08-29T23:12:14.367Z", "creator": null, "is_active": true, "standard": "6898fe2c-5d2e-4c34-be3f-d33ed4a6779d", "name": "Mathematics", "code": "MATH009"}}, {"model": "main.subject", "pk": "b33adeed-4434-40ee-93bb-c2b9f5393f49", "fields": {"created_at": "2024-08-29T23:12:14.334Z", "updated_at": "2024-08-29T23:12:14.334Z", "creator": null, "is_active": true, "standard": "a7a2c18a-6ed9-422b-ae64-017ffc0a00ff", "name": "Malayalam", "code": "MAL008"}}, {"model": "main.subject", "pk": "b3ff09de-43be-4408-a69f-476a19f02171", "fields": {"created_at": "2024-08-29T23:12:14.326Z", "updated_at": "2024-08-29T23:12:14.326Z", "creator": null, "is_active": true, "standard": "4b799457-6581-419b-9dfd-96f8fca0197e", "name": "Science", "code": "SCI007"}}, {"model": "main.subject", "pk": "bae46941-77f8-4f52-9a3d-757172e1dfa4", "fields": {"created_at": "2024-08-29T23:12:14.271Z", "updated_at": "2024-08-29T23:12:14.271Z", "creator": null, "is_active": true, "standard": "cc6d1bc2-7bfd-4d8e-a0b6-398fd8db1e37", "name": "English", "code": "ENG001"}}, {"model": "main.subject", "pk": "c4edb892-4787-4dd8-afb8-afbc8d231a06", "fields": {"created_at": "2024-08-29T23:12:14.344Z", "updated_at": "2024-08-29T23:12:14.344Z", "creator": null, "is_active": true, "standard": "a7a2c18a-6ed9-422b-ae64-017ffc0a00ff", "name": "History", "code": "HIS008"}}, {"model": "main.subject", "pk": "c7b5eaf6-4c3e-47b4-8e3e-200008fc5ada", "fields": {"created_at": "2024-08-29T23:12:14.366Z", "updated_at": "2024-08-29T23:12:14.366Z", "creator": null, "is_active": true, "standard": "6898fe2c-5d2e-4c34-be3f-d33ed4a6779d", "name": "Hindi", "code": "HIN009"}}, {"model": "main.subject", "pk": "c9690ee9-9320-4c35-a0f5-6fd2f9bcd6c1", "fields": {"created_at": "2024-08-29T23:12:14.406Z", "updated_at": "2024-08-29T23:12:14.406Z", "creator": null, "is_active": true, "standard": "baba45bb-c7ae-4112-b049-20ec728a5fc0", "name": "Economics", "code": "ECO0010"}}, {"model": "main.subject", "pk": "cae5d436-74ea-4b54-a954-2213a9d963d3", "fields": {"created_at": "2024-08-29T23:12:14.301Z", "updated_at": "2024-08-29T23:12:14.301Z", "creator": null, "is_active": true, "standard": "e44f48d9-c35b-445a-b11e-29eb30be5e33", "name": "Mathematics", "code": "MATH005"}}, {"model": "main.subject", "pk": "cc34027b-8fb8-442c-8c08-ff7e0469ca0b", "fields": {"created_at": "2024-08-29T23:12:14.386Z", "updated_at": "2024-08-29T23:12:14.386Z", "creator": null, "is_active": true, "standard": "6898fe2c-5d2e-4c34-be3f-d33ed4a6779d", "name": "Sanskrit", "code": "SAN009"}}, {"model": "main.subject", "pk": "d16fdcf9-ff75-4e10-9c46-bd9598b12650", "fields": {"created_at": "2024-08-29T23:12:14.290Z", "updated_at": "2024-08-29T23:12:14.290Z", "creator": null, "is_active": true, "standard": "786229aa-8f1a-4eff-9ffa-1dc7ae6c74a0", "name": "Mathematics", "code": "MATH004"}}, {"model": "main.subject", "pk": "d20bf87e-88e9-40ad-8fbd-385e96ede420", "fields": {"created_at": "2024-08-29T23:12:14.321Z", "updated_at": "2024-08-29T23:12:14.321Z", "creator": null, "is_active": true, "standard": "4b799457-6581-419b-9dfd-96f8fca0197e", "name": "Malayalam", "code": "MAL007"}}, {"model": "main.subject", "pk": "d4f39859-653c-41eb-8330-b0cac30232ef", "fields": {"created_at": "2024-08-29T23:12:14.374Z", "updated_at": "2024-08-29T23:12:14.374Z", "creator": null, "is_active": true, "standard": "6898fe2c-5d2e-4c34-be3f-d33ed4a6779d", "name": "History", "code": "HIS009"}}, {"model": "main.subject", "pk": "d51325cc-0d4d-42ca-aee1-16c764930607", "fields": {"created_at": "2024-08-29T23:12:14.304Z", "updated_at": "2024-10-01T05:36:01.372Z", "creator": null, "is_active": true, "standard": "e44f48d9-c35b-445a-b11e-29eb30be5e33", "name": "ICT", "code": "ICT005"}}, {"model": "main.subject", "pk": "d7e2ffa6-a4e9-4ec1-90bf-e7d14b0690e1", "fields": {"created_at": "2024-08-29T23:12:14.309Z", "updated_at": "2024-08-29T23:12:14.309Z", "creator": null, "is_active": true, "standard": "612267d6-e7ee-497a-8fb0-2770c395189e", "name": "Malayalam", "code": "MAL006"}}, {"model": "main.subject", "pk": "dbf8c98b-3e09-4c0f-ade5-c341dc3af116", "fields": {"created_at": "2024-08-29T23:12:14.395Z", "updated_at": "2024-08-29T23:12:14.395Z", "creator": null, "is_active": true, "standard": "baba45bb-c7ae-4112-b049-20ec728a5fc0", "name": "Mathematics", "code": "MATH0010"}}, {"model": "main.subject", "pk": "ddf6c4a0-bdd9-4342-ae22-d62398f86e32", "fields": {"created_at": "2024-08-29T23:12:14.414Z", "updated_at": "2024-08-29T23:12:14.414Z", "creator": null, "is_active": true, "standard": "baba45bb-c7ae-4112-b049-20ec728a5fc0", "name": "Arabic", "code": "ARB0010"}}, {"model": "main.subject", "pk": "e1d4c2ba-5d2c-4b0e-b0b6-f07b6d5d5011", "fields": {"created_at": "2024-08-29T23:12:14.319Z", "updated_at": "2024-08-29T23:12:14.319Z", "creator": null, "is_active": true, "standard": "612267d6-e7ee-497a-8fb0-2770c395189e", "name": "Art Education", "code": "ART006"}}, {"model": "main.subject", "pk": "e4540219-de3c-441c-af98-4b168e7f29a1", "fields": {"created_at": "2024-08-29T23:12:14.313Z", "updated_at": "2024-08-29T23:12:14.313Z", "creator": null, "is_active": true, "standard": "612267d6-e7ee-497a-8fb0-2770c395189e", "name": "Mathematics", "code": "MATH006"}}, {"model": "main.subject", "pk": "e9274977-1e6a-4ce8-970b-82caf46ebe4d", "fields": {"created_at": "2024-08-29T23:12:14.302Z", "updated_at": "2024-08-29T23:12:14.302Z", "creator": null, "is_active": true, "standard": "e44f48d9-c35b-445a-b11e-29eb30be5e33", "name": "Science", "code": "SCI005"}}, {"model": "main.subject", "pk": "e9cd95ce-60cc-4fc9-b8e5-3c40bcf75698", "fields": {"created_at": "2024-08-29T23:12:14.391Z", "updated_at": "2024-08-29T23:12:14.391Z", "creator": null, "is_active": true, "standard": "baba45bb-c7ae-4112-b049-20ec728a5fc0", "name": "Malayalam", "code": "MAL0010"}}, {"model": "main.subject", "pk": "ec009a5b-7835-4de2-9bb3-4b32e7b1b886", "fields": {"created_at": "2024-08-29T23:12:14.279Z", "updated_at": "2024-08-29T23:12:14.279Z", "creator": null, "is_active": true, "standard": "81c0c88a-1e64-4b51-9883-a1d867d0973a", "name": "Environmental Studies (EVS)", "code": "EVS002"}}, {"model": "main.subject", "pk": "f3a7ce22-0ade-4982-bfe5-f27a159ae132", "fields": {"created_at": "2024-08-29T23:12:14.369Z", "updated_at": "2024-08-29T23:12:14.369Z", "creator": null, "is_active": true, "standard": "6898fe2c-5d2e-4c34-be3f-d33ed4a6779d", "name": "Physics", "code": "PHY009"}}, {"model": "main.subject", "pk": "f51b98a1-e1e1-4fbf-b277-9f4bcd57c6df", "fields": {"created_at": "2024-08-29T23:12:14.339Z", "updated_at": "2024-08-29T23:12:14.339Z", "creator": null, "is_active": true, "standard": "a7a2c18a-6ed9-422b-ae64-017ffc0a00ff", "name": "Physics", "code": "PHY008"}}, {"model": "main.subject", "pk": "fc150c12-3653-47c4-a236-0b8e938def49", "fields": {"created_at": "2024-10-01T03:45:06.006Z", "updated_at": "2024-10-01T03:46:04.233Z", "creator": null, "is_active": true, "standard": "baba45bb-c7ae-4112-b049-20ec728a5fc0", "name": "Geography", "code": "GEO0010"}}, {"model": "main.teacher", "pk": "1ec3b86f-58a3-4a7d-ab4c-969dbd83bc4e", "fields": {"created_at": "2024-10-01T05:31:26.826Z", "updated_at": "2024-10-01T05:31:26.826Z", "creator": null, "is_active": true, "user": 17, "subjects": ["26554a32-2709-4a7c-977e-e99cdeaaf96f"]}}, {"model": "main.teacher", "pk": "4e003349-3ba2-4b2c-9e29-9c6428fd49de", "fields": {"created_at": "2024-10-01T05:31:24.240Z", "updated_at": "2024-10-01T05:31:24.240Z", "creator": null, "is_active": true, "user": 7, "subjects": ["753f6c8d-19bd-4576-9a95-1b12e6345e94"]}}, {"model": "main.teacher", "pk": "55e6d3cc-056e-4b14-b4f8-742e2c80df2f", "fields": {"created_at": "2024-10-01T05:31:25.017Z", "updated_at": "2024-10-01T05:31:25.017Z", "creator": null, "is_active": true, "user": 10, "subjects": ["a9a1f4fb-2a15-496a-a81f-7f0f0261d8fb"]}}, {"model": "main.teacher", "pk": "5c4f9324-3fd5-475b-80d3-01ec2e482c46", "fields": {"created_at": "2024-10-01T05:31:25.498Z", "updated_at": "2024-10-01T05:31:25.498Z", "creator": null, "is_active": true, "user": 12, "subjects": ["64c31ae6-3aaf-4ba7-a55e-3ef02546acb4"]}}, {"model": "main.teacher", "pk": "5df760ce-eef2-47ac-a826-898a35c26ba9", "fields": {"created_at": "2024-10-01T05:31:24.753Z", "updated_at": "2024-10-01T05:31:24.753Z", "creator": null, "is_active": true, "user": 9, "subjects": ["c9690ee9-9320-4c35-a0f5-6fd2f9bcd6c1"]}}, {"model": "main.teacher", "pk": "66e7f02b-575a-4868-b0db-3e1a0c8d8fac", "fields": {"created_at": "2024-10-01T05:31:23.971Z", "updated_at": "2024-10-01T05:31:23.971Z", "creator": null, "is_active": true, "user": 6, "subjects": ["ddf6c4a0-bdd9-4342-ae22-d62398f86e32"]}}, {"model": "main.teacher", "pk": "7963a8e9-c010-42b8-9b15-17bb89180bb9", "fields": {"created_at": "2024-10-01T05:31:25.258Z", "updated_at": "2024-10-01T05:31:25.258Z", "creator": null, "is_active": true, "user": 11, "subjects": ["fc150c12-3653-47c4-a236-0b8e938def49"]}}, {"model": "main.teacher", "pk": "8d1a9443-7f1e-45cb-8393-e4070c659018", "fields": {"created_at": "2024-10-01T05:31:26.564Z", "updated_at": "2024-10-01T05:31:26.564Z", "creator": null, "is_active": true, "user": 16, "subjects": ["dbf8c98b-3e09-4c0f-ade5-c341dc3af116"]}}, {"model": "main.teacher", "pk": "9882a48f-156e-4048-9cf9-e24fabdb626f", "fields": {"created_at": "2024-10-01T05:31:25.750Z", "updated_at": "2024-10-01T05:31:25.750Z", "creator": null, "is_active": true, "user": 13, "subjects": ["96adb659-c0b1-4932-87a9-cf436fe0d529"]}}, {"model": "main.teacher", "pk": "9aa18936-f2a7-4b21-b035-ece658bb661b", "fields": {"created_at": "2024-10-01T05:31:26.038Z", "updated_at": "2024-10-01T05:31:26.038Z", "creator": null, "is_active": true, "user": 14, "subjects": ["22c14d94-a58f-44c6-868b-acb2f09e6612"]}}, {"model": "main.teacher", "pk": "a1e5e2e4-5ce2-49ab-a166-1ef9039c1a88", "fields": {"created_at": "2024-10-01T05:31:24.474Z", "updated_at": "2024-10-01T05:31:24.474Z", "creator": null, "is_active": true, "user": 8, "subjects": ["656f3519-c56b-4951-a690-fec448dd361e"]}}, {"model": "main.teacher", "pk": "a732a60b-f677-4014-b764-6ddbb5f263a4", "fields": {"created_at": "2024-08-29T23:21:16.507Z", "updated_at": "2024-10-01T05:32:01.575Z", "creator": null, "is_active": true, "user": 4, "subjects": ["dbf8c98b-3e09-4c0f-ade5-c341dc3af116"]}}, {"model": "main.teacher", "pk": "d3acae36-5ba0-4b17-98d2-e55e4979aec6", "fields": {"created_at": "2024-10-01T05:31:26.294Z", "updated_at": "2024-10-01T05:31:26.294Z", "creator": null, "is_active": true, "user": 15, "subjects": ["e9cd95ce-60cc-4fc9-b8e5-3c40bcf75698"]}}, {"model": "main.student", "pk": "0c086f21-9a6f-434b-924a-898b26b4b948", "fields": {"created_at": "2024-10-01T05:47:44Z", "updated_at": "2024-10-01T06:19:08.858Z", "creator": null, "is_active": true, "student_id": "SM17", "user": 26, "standard": "baba45bb-c7ae-4112-b049-20ec728a5fc0"}}, {"model": "main.student", "pk": "1ec387ac-ea73-4956-a3c9-7aa949805256", "fields": {"created_at": "2024-10-01T05:50:19Z", "updated_at": "2024-10-01T06:19:08.835Z", "creator": null, "is_active": true, "student_id": "SM13", "user": 31, "standard": "baba45bb-c7ae-4112-b049-20ec728a5fc0"}}, {"model": "main.student", "pk": "4149d09b-ffaa-4407-87b2-6fd4472a65e1", "fields": {"created_at": "2024-08-29T23:18:31Z", "updated_at": "2024-10-01T06:19:08.727Z", "creator": null, "is_active": true, "student_id": "SM01", "user": 3, "standard": "baba45bb-c7ae-4112-b049-20ec728a5fc0"}}, {"model": "main.student", "pk": "4c9cf7ab-6c8f-4d28-bdb5-ae6620481f8a", "fields": {"created_at": "2024-10-01T05:50:20Z", "updated_at": "2024-10-01T06:19:08.862Z", "creator": null, "is_active": true, "student_id": "SM18", "user": 33, "standard": "baba45bb-c7ae-4112-b049-20ec728a5fc0"}}, {"model": "main.student", "pk": "4f7bd1b0-a926-4e95-b2b8-4a73d1920373", "fields": {"created_at": "2024-10-01T05:47:43Z", "updated_at": "2024-10-01T06:19:08.853Z", "creator": null, "is_active": true, "student_id": "SM16", "user": 25, "standard": "baba45bb-c7ae-4112-b049-20ec728a5fc0"}}, {"model": "main.student", "pk": "51589933-ef0a-4998-9aa6-b11a53e35157", "fields": {"created_at": "2024-10-01T05:47:44Z", "updated_at": "2024-10-01T06:19:08.775Z", "creator": null, "is_active": true, "student_id": "SM04", "user": 28, "standard": "baba45bb-c7ae-4112-b049-20ec728a5fc0"}}, {"model": "main.student", "pk": "6542b251-26da-4f2b-a926-575202b64df7", "fields": {"created_at": "2024-10-01T05:47:45Z", "updated_at": "2024-10-01T06:19:08.801Z", "creator": null, "is_active": true, "student_id": "SM08", "user": 29, "standard": "baba45bb-c7ae-4112-b049-20ec728a5fc0"}}, {"model": "main.student", "pk": "75c2abb8-d251-4c54-961e-5bf9f7b4a843", "fields": {"created_at": "2024-10-01T05:47:42Z", "updated_at": "2024-10-01T06:19:08.795Z", "creator": null, "is_active": true, "student_id": "SM07", "user": 20, "standard": "baba45bb-c7ae-4112-b049-20ec728a5fc0"}}, {"model": "main.student", "pk": "838057ac-143f-43fd-9c2f-8806f1237e66", "fields": {"created_at": "2024-10-01T05:47:44Z", "updated_at": "2024-10-01T06:19:08.874Z", "creator": null, "is_active": true, "student_id": "SM20", "user": 27, "standard": "baba45bb-c7ae-4112-b049-20ec728a5fc0"}}, {"model": "main.student", "pk": "85f6e466-2273-429e-aa57-740b2233293c", "fields": {"created_at": "2024-10-01T05:50:21Z", "updated_at": "2024-10-01T06:19:08.847Z", "creator": null, "is_active": true, "student_id": "SM15", "user": 36, "standard": "baba45bb-c7ae-4112-b049-20ec728a5fc0"}}, {"model": "main.student", "pk": "8ba8c4cd-0da3-400f-a8ff-21cf532a6975", "fields": {"created_at": "2024-10-01T05:47:42Z", "updated_at": "2024-10-01T06:19:08.808Z", "creator": null, "is_active": true, "student_id": "SM09", "user": 21, "standard": "baba45bb-c7ae-4112-b049-20ec728a5fc0"}}, {"model": "main.student", "pk": "9038c8ea-3e8d-4559-b470-0c14f7a39f7d", "fields": {"created_at": "2024-10-01T05:50:19Z", "updated_at": "2024-10-01T06:19:08.787Z", "creator": null, "is_active": true, "student_id": "SM06", "user": 30, "standard": "baba45bb-c7ae-4112-b049-20ec728a5fc0"}}, {"model": "main.student", "pk": "986a8580-de1b-4a0b-b1e3-c0710c3da53e", "fields": {"created_at": "2024-10-01T05:50:20Z", "updated_at": "2024-10-01T06:19:08.734Z", "creator": null, "is_active": true, "student_id": "SM02", "user": 34, "standard": "baba45bb-c7ae-4112-b049-20ec728a5fc0"}}, {"model": "main.student", "pk": "9bc7e98d-dfe7-462b-9632-e251d3f0f227", "fields": {"created_at": "2024-10-01T05:47:43Z", "updated_at": "2024-10-01T06:19:08.813Z", "creator": null, "is_active": true, "student_id": "SM10", "user": 23, "standard": "baba45bb-c7ae-4112-b049-20ec728a5fc0"}}, {"model": "main.student", "pk": "a87a1cc3-3b9a-47ee-8723-7074721dc96b", "fields": {"created_at": "2024-10-01T05:50:19Z", "updated_at": "2024-10-01T06:19:08.829Z", "creator": null, "is_active": true, "student_id": "SM12", "user": 32, "standard": "baba45bb-c7ae-4112-b049-20ec728a5fc0"}}, {"model": "main.student", "pk": "ae160e56-ac9f-4996-a4f5-64b0138f2cfe", "fields": {"created_at": "2024-08-29T23:18:24Z", "updated_at": "2024-10-01T06:19:08.842Z", "creator": null, "is_active": true, "student_id": "SM14", "user": 2, "standard": "baba45bb-c7ae-4112-b049-20ec728a5fc0"}}, {"model": "main.student", "pk": "b4692122-357c-4f94-865a-d54c9746d8ae", "fields": {"created_at": "2024-10-01T05:47:43Z", "updated_at": "2024-10-01T06:19:08.822Z", "creator": null, "is_active": true, "student_id": "SM11", "user": 24, "standard": "baba45bb-c7ae-4112-b049-20ec728a5fc0"}}, {"model": "main.student", "pk": "baef1974-8fdc-4261-885a-e32afc06570e", "fields": {"created_at": "2024-10-01T05:47:41Z", "updated_at": "2024-10-01T06:19:08.741Z", "creator": null, "is_active": true, "student_id": "SM03", "user": 19, "standard": "baba45bb-c7ae-4112-b049-20ec728a5fc0"}}, {"model": "main.student", "pk": "bc652d6b-549d-42bc-a2bc-14de6aa48ef6", "fields": {"created_at": "2024-10-01T05:47:42Z", "updated_at": "2024-10-01T06:19:08.781Z", "creator": null, "is_active": true, "student_id": "SM05", "user": 22, "standard": "baba45bb-c7ae-4112-b049-20ec728a5fc0"}}, {"model": "main.student", "pk": "e199bed1-cb4e-451d-affc-53497d64ce54", "fields": {"created_at": "2024-10-01T05:50:20Z", "updated_at": "2024-10-01T06:19:08.868Z", "creator": null, "is_active": true, "student_id": "SM19", "user": 35, "standard": "baba45bb-c7ae-4112-b049-20ec728a5fc0"}}, {"model": "users.customuser", "pk": 1, "fields": {"password": "pbkdf2_sha256$600000$nxLhhfYBil24zvLdBZO6RZ$o2Ia7mw33HH7B+z8maD++ZHNn3JiMN9ekZ72U27eDGk=", "last_login": "2024-10-01T05:39:37.530Z", "is_superuser": true, "username": "prospello", "first_name": "", "last_name": "", "email": "", "is_staff": true, "is_active": true, "date_joined": "2024-09-25T22:51:18.677Z", "usertype": "Administrator", "photo": "", "groups": [], "user_permissions": []}}, {"model": "users.customuser", "pk": 2, "fields": {"password": "pbkdf2_sha256$600000$xhvlaoxUafwCi8YMTAJT87$narqcue6CMubmTlVFli4rUFIi7CtG2G+GuEQUY6THFE=", "last_login": null, "is_superuser": false, "username": "rahul", "first_name": "Rahul Mehta", "last_name": "", "email": "", "is_staff": false, "is_active": true, "date_joined": "2024-08-29T23:16:08.758Z", "usertype": "Student", "photo": "", "groups": [], "user_permissions": []}}, {"model": "users.customuser", "pk": 3, "fields": {"password": "pbkdf2_sha256$600000$DfWMm0sNSwf8nFiO2R4pW0$/wQb2S/LMGnaTwafLmBpo0CURJg7zYJMto6LGswhLbk=", "last_login": null, "is_superuser": false, "username": "aisha", "first_name": "Aisha Khan", "last_name": "", "email": "", "is_staff": false, "is_active": true, "date_joined": "2024-08-29T23:18:06.806Z", "usertype": "Student", "photo": "", "groups": [], "user_permissions": []}}, {"model": "users.customuser", "pk": 4, "fields": {"password": "pbkdf2_sha256$600000$KRUl1mwasirZgM8gZquIz0$otbcIG97+ffgm4OX5M4NL2NoYMdnG0CmnqOtX7o4Dxw=", "last_login": "2024-10-01T08:53:30.225Z", "is_superuser": false, "username": "anil", "first_name": "Anil Rajan", "last_name": "", "email": "", "is_staff": false, "is_active": true, "date_joined": "2024-08-29T23:20:31.284Z", "usertype": "Teacher", "photo": "", "groups": [], "user_permissions": []}}, {"model": "users.customuser", "pk": 6, "fields": {"password": "pbkdf2_sha256$600000$l9DikH8qSEFvCj179OXubL$Vo0OrfLDtR+rjt1pKjesG75cCiyq9ndK6MPR+T8Cjyg=", "last_login": null, "is_superuser": false, "username": "john", "first_name": "John", "last_name": "Smith", "email": "john.smith@school.com", "is_staff": false, "is_active": true, "date_joined": "2024-10-01T05:31:23.721Z", "usertype": "Teacher", "photo": "users/avatar.png", "groups": [], "user_permissions": []}}, {"model": "users.customuser", "pk": 7, "fields": {"password": "pbkdf2_sha256$600000$HGiNo9iqCKriGdVwsN9667$JYuignZrBcMkn8fX0scdjJRgVMWYyv5EMD5mDmF6D6I=", "last_login": null, "is_superuser": false, "username": "davis", "first_name": "Emily", "last_name": "Davis", "email": "emily.davis@school.com", "is_staff": false, "is_active": true, "date_joined": "2024-10-01T05:31:23.977Z", "usertype": "Teacher", "photo": "users/avatar.png", "groups": [], "user_permissions": []}}, {"model": "users.customuser", "pk": 8, "fields": {"password": "pbkdf2_sha256$600000$mwsXSKluhflAkGk6EyKllw$y6cMdKMmG2wbJQHCtr3EXq5jvyAAJqjSFRAuX0+IO00=", "last_login": null, "is_superuser": false, "username": "johnson", "first_name": "Michael", "last_name": "Johnson", "email": "michael.johnson@school.com", "is_staff": false, "is_active": true, "date_joined": "2024-10-01T05:31:24.244Z", "usertype": "Teacher", "photo": "users/avatar.png", "groups": [], "user_permissions": []}}, {"model": "users.customuser", "pk": 9, "fields": {"password": "pbkdf2_sha256$600000$mykDAqqJ39M9iGd0bTcYVR$ibOEJQcSj34zpuzqDaOxwsSLqMXZ3BJe1u/JNA+5UdE=", "last_login": null, "is_superuser": false, "username": "sophia", "first_name": "Sophia", "last_name": "Martinez", "email": "sophia.martinez@school.com", "is_staff": false, "is_active": true, "date_joined": "2024-10-01T05:31:24.478Z", "usertype": "Teacher", "photo": "users/avatar.png", "groups": [], "user_permissions": []}}, {"model": "users.customuser", "pk": 10, "fields": {"password": "pbkdf2_sha256$600000$BnSFf30ok2K1RJu3O6s9rs$St5Nqp5mzGP3csf/s6Ba9/c6DH+4gMm1rZKsvSkN6+k=", "last_login": null, "is_superuser": false, "username": "james", "first_name": "James", "last_name": "Williams", "email": "james.williams@school.com", "is_staff": false, "is_active": true, "date_joined": "2024-10-01T05:31:24.757Z", "usertype": "Teacher", "photo": "users/avatar.png", "groups": [], "user_permissions": []}}, {"model": "users.customuser", "pk": 11, "fields": {"password": "pbkdf2_sha256$600000$lG4tNIcf2sHLRQFPkfaOxv$NPkZQNpbJhU3Gt1QWlS9SZ3K81rvHsIPJ6TzKCuREWo=", "last_login": null, "is_superuser": false, "username": "olivia", "first_name": "Olivia", "last_name": "Brown", "email": "olivia.brown@school.com", "is_staff": false, "is_active": true, "date_joined": "2024-10-01T05:31:25.022Z", "usertype": "Teacher", "photo": "users/avatar.png", "groups": [], "user_permissions": []}}, {"model": "users.customuser", "pk": 12, "fields": {"password": "pbkdf2_sha256$600000$zqKNPei7HGW947LvXWGR2u$UfK61SWR6HakVu7Fn/9WYVpdiS2OL1Ma+tpWsdMoGE8=", "last_login": null, "is_superuser": false, "username": "miller", "first_name": "David", "last_name": "Miller", "email": "david.miller@school.com", "is_staff": false, "is_active": true, "date_joined": "2024-10-01T05:31:25.262Z", "usertype": "Teacher", "photo": "users/avatar.png", "groups": [], "user_permissions": []}}, {"model": "users.customuser", "pk": 13, "fields": {"password": "pbkdf2_sha256$600000$PL2yBAjPYODYdnYb6v9pdw$IwNuDQw+6wPo/Obxl1yWNEQ8i1Jj8pOOHvMl0DdMRL4=", "last_login": null, "is_superuser": false, "username": "wilson", "first_name": "Emma", "last_name": "Wilson", "email": "emma.wilson@school.com", "is_staff": false, "is_active": true, "date_joined": "2024-10-01T05:31:25.503Z", "usertype": "Teacher", "photo": "users/avatar.png", "groups": [], "user_permissions": []}}, {"model": "users.customuser", "pk": 14, "fields": {"password": "pbkdf2_sha256$600000$yRYlY98wYCzO1fRWfjlkz9$AVt4hL7ipk4672F/1gK87J6rrj0Wsv/WuDmqwItfK4o=", "last_login": null, "is_superuser": false, "username": "anderson", "first_name": "Daniel", "last_name": "Anderson", "email": "daniel.anderson@school.com", "is_staff": false, "is_active": true, "date_joined": "2024-10-01T05:31:25.754Z", "usertype": "Teacher", "photo": "users/avatar.png", "groups": [], "user_permissions": []}}, {"model": "users.customuser", "pk": 15, "fields": {"password": "pbkdf2_sha256$600000$EgCm6qVpwMxk91SnSB2uOv$mk9Gy88QLe5P++TC6YKazQjigUBpHnNtE5GgFh7GRJI=", "last_login": null, "is_superuser": false, "username": "thompson", "first_name": "Ava", "last_name": "Thompson", "email": "ava.thompson@school.com", "is_staff": false, "is_active": true, "date_joined": "2024-10-01T05:31:26.043Z", "usertype": "Teacher", "photo": "users/avatar.png", "groups": [], "user_permissions": []}}, {"model": "users.customuser", "pk": 16, "fields": {"password": "pbkdf2_sha256$600000$HMGlHOSwFfz9Vl5WKZSQAH$T02aCX1zSMjb40fyrPY5bVcf0kiPxIZ3ss1+J2KlHog=", "last_login": null, "is_superuser": false, "username": "taylor", "first_name": "Joseph", "last_name": "Taylor", "email": "joseph.taylor@school.com", "is_staff": false, "is_active": true, "date_joined": "2024-10-01T05:31:26.299Z", "usertype": "Teacher", "photo": "users/avatar.png", "groups": [], "user_permissions": []}}, {"model": "users.customuser", "pk": 17, "fields": {"password": "pbkdf2_sha256$600000$gULDjaYlCvVXOtlDucfb9V$TujXGR6+JhT2jgKq7kBf9bZ9Co8k1quB0HyIa8ZYAu4=", "last_login": null, "is_superuser": false, "username": "mia", "first_name": "Mia", "last_name": "Moore", "email": "mia.moore@school.com", "is_staff": false, "is_active": true, "date_joined": "2024-10-01T05:31:26.568Z", "usertype": "Teacher", "photo": "users/avatar.png", "groups": [], "user_permissions": []}}, {"model": "users.customuser", "pk": 19, "fields": {"password": "pbkdf2_sha256$600000$WnsctZS2zeccLcv9TF58Za$ktIrhZcwBZiZuDktFNDZmfHtmwxUixKDJfW7XoxuBSQ=", "last_login": null, "is_superuser": false, "username": "amal", "first_name": "Amal", "last_name": "Raj", "email": "amal.raj@school.com", "is_staff": false, "is_active": true, "date_joined": "2024-10-01T05:47:41.437Z", "usertype": "Student", "photo": "users/avatar.png", "groups": [], "user_permissions": []}}, {"model": "users.customuser", "pk": 20, "fields": {"password": "pbkdf2_sha256$600000$6djqc0hsbglmkxFjZyPlCK$vF0eaW4M2v088wxVYKOQABELrnPibaBNUFxAmgAxqgA=", "last_login": null, "is_superuser": false, "username": "deepak", "first_name": "Deepak", "last_name": "Nair", "email": "deepak.nair@school.com", "is_staff": false, "is_active": true, "date_joined": "2024-10-01T05:47:41.772Z", "usertype": "Student", "photo": "users/avatar.png", "groups": [], "user_permissions": []}}, {"model": "users.customuser", "pk": 21, "fields": {"password": "pbkdf2_sha256$600000$jvwVGvIfexUnRrMd3cn7x1$Wh5IUCgEdfirP08+ZGFf7dZYudE5R7PdTmpTjGqKK64=", "last_login": null, "is_superuser": false, "username": "gautham", "first_name": "Gautham", "last_name": "Menon", "email": "gautham.menon@school.com", "is_staff": false, "is_active": true, "date_joined": "2024-10-01T05:47:42.093Z", "usertype": "Student", "photo": "users/avatar.png", "groups": [], "user_permissions": []}}, {"model": "users.customuser", "pk": 22, "fields": {"password": "pbkdf2_sha256$600000$h0WsudR5P83wkoi9XGTvef$Id+yZmHSHlgHQRKeCsOWDP7noccUVwv+9Ifvm6TLmqo=", "last_login": null, "is_superuser": false, "username": "arjun", "first_name": "Arjun", "last_name": "Prakash", "email": "arjun.prakash@school.com", "is_staff": false, "is_active": true, "date_joined": "2024-10-01T05:47:42.424Z", "usertype": "Student", "photo": "users/avatar.png", "groups": [], "user_permissions": []}}, {"model": "users.customuser", "pk": 23, "fields": {"password": "pbkdf2_sha256$600000$ALmWWRXyGA1k7yeAJ7t8h2$vwlFpbxUesquRm5rL+tS6yXssowEO2zByM7UY1vXsdI=", "last_login": null, "is_superuser": false, "username": "hari", "first_name": "Hari", "last_name": "Kumar", "email": "hari.kumar@school.com", "is_staff": false, "is_active": true, "date_joined": "2024-10-01T05:47:42.752Z", "usertype": "Student", "photo": "users/avatar.png", "groups": [], "user_permissions": []}}, {"model": "users.customuser", "pk": 24, "fields": {"password": "pbkdf2_sha256$600000$GfKOD7dMGGKZN78dK70JYG$VPOUwWlSIjiSBuLRHWATMo4VHACJKHuvHlpq+zkzpQk=", "last_login": null, "is_superuser": false, "username": "manu", "first_name": "Manu", "last_name": "Mathew", "email": "manu.mathew@school.com", "is_staff": false, "is_active": true, "date_joined": "2024-10-01T05:47:43.081Z", "usertype": "Student", "photo": "users/avatar.png", "groups": [], "user_permissions": []}}, {"model": "users.customuser", "pk": 25, "fields": {"password": "pbkdf2_sha256$600000$PBOBvwPt2LykTA4TS60xc1$+A8aVc3AxFeFroFXL0NYiR56I3i/CvNagrZaPU35WTo=", "last_login": null, "is_superuser": false, "username": "rohit", "first_name": "Rohit", "last_name": "Ramesh", "email": "rohit.ramesh@school.com", "is_staff": false, "is_active": true, "date_joined": "2024-10-01T05:47:43.414Z", "usertype": "Student", "photo": "users/avatar.png", "groups": [], "user_permissions": []}}, {"model": "users.customuser", "pk": 26, "fields": {"password": "pbkdf2_sha256$600000$whTkt7oJ6zU1ssqrlgqWZu$7llH0uQv7xAI7KZHjhMZLhmOWTH2rbCAChFqZYIzhgQ=", "last_login": null, "is_superuser": false, "username": "sandeep", "first_name": "Sandeep", "last_name": "Pillai", "email": "sandeep.pillai@school.com", "is_staff": false, "is_active": true, "date_joined": "2024-10-01T05:47:43.743Z", "usertype": "Student", "photo": "users/avatar.png", "groups": [], "user_permissions": []}}, {"model": "users.customuser", "pk": 27, "fields": {"password": "pbkdf2_sha256$600000$0UYJgYcMzXg8zXiY89lRWX$aYhr48GrP1kzaKX5oYPjPHAlKk7sLQMRGRbQ8axUPag=", "last_login": null, "is_superuser": false, "username": "vivek", "first_name": "Vivek", "last_name": "Thomas", "email": "vivek.thomas@school.com", "is_staff": false, "is_active": true, "date_joined": "2024-10-01T05:47:44.146Z", "usertype": "Student", "photo": "users/avatar.png", "groups": [], "user_permissions": []}}, {"model": "users.customuser", "pk": 28, "fields": {"password": "pbkdf2_sha256$600000$5PTdz73WjwlvL8eYNrq90k$wccYo4I4CN+w/6mKP/1LLRZXXNVykBl8L6qMkwvALu0=", "last_login": null, "is_superuser": false, "username": "anjali", "first_name": "Anjali", "last_name": "Nair", "email": "anjali.nair@school.com", "is_staff": false, "is_active": true, "date_joined": "2024-10-01T05:47:44.472Z", "usertype": "Student", "photo": "users/avatar.png", "groups": [], "user_permissions": []}}, {"model": "users.customuser", "pk": 29, "fields": {"password": "pbkdf2_sha256$600000$IH8SYmr75Ad3pkBcFANznt$3ilg3tAStbZ4Ojyn9p9WRD4QE6+OyTCfpIWnMf7L2lc=", "last_login": null, "is_superuser": false, "username": "devika", "first_name": "Devika", "last_name": "Menon", "email": "devika.menon@school.com", "is_staff": false, "is_active": true, "date_joined": "2024-10-01T05:47:44.807Z", "usertype": "Student", "photo": "users/avatar.png", "groups": [], "user_permissions": []}}, {"model": "users.customuser", "pk": 30, "fields": {"password": "pbkdf2_sha256$600000$bfCMBEpXmJNkOyIvAINSUq$odmlx4Kp3/ZPZBztlDQD+wcDgXo5gD5wvS/Q4VZ8ycM=", "last_login": null, "is_superuser": false, "username": "ashwin", "first_name": "Ashwin", "last_name": "Vijayan", "email": "ashwin.vijayan@school.com", "is_staff": false, "is_active": true, "date_joined": "2024-10-01T05:50:18.938Z", "usertype": "Student", "photo": "users/avatar.png", "groups": [], "user_permissions": []}}, {"model": "users.customuser", "pk": 31, "fields": {"password": "pbkdf2_sha256$600000$87V8McFrtCxq0GMe7XlMaw$iwvUY7txXez03Y5RVtBWzddXevGLGAlPWH958v3ysJU=", "last_login": null, "is_superuser": false, "username": "neha", "first_name": "Neha", "last_name": "Soman", "email": "neha.soman@school.com", "is_staff": false, "is_active": true, "date_joined": "2024-10-01T05:50:19.267Z", "usertype": "Student", "photo": "users/avatar.png", "groups": [], "user_permissions": []}}, {"model": "users.customuser", "pk": 32, "fields": {"password": "pbkdf2_sha256$600000$dYhqOblKcVTzIHevj48EfZ$UsWhwobjUXYNGwEJ3vRE6EhDO48LAYfw88dBlO2jNek=", "last_login": null, "is_superuser": false, "username": "meera", "first_name": "Meera", "last_name": "Mohan", "email": "meera.mohan@school.com", "is_staff": false, "is_active": true, "date_joined": "2024-10-01T05:50:19.601Z", "usertype": "Student", "photo": "users/avatar.png", "groups": [], "user_permissions": []}}, {"model": "users.customuser", "pk": 33, "fields": {"password": "pbkdf2_sha256$600000$SjZvrmyqsQ2NCAH2wAQiKL$0LvmpQW5unXiRIZ39l7onlZMhM6SpPyafOkkNi/yQBU=", "last_login": null, "is_superuser": false, "username": "sarath", "first_name": "Sarath", "last_name": "Chandra", "email": "sarath.chandra@school.com", "is_staff": false, "is_active": true, "date_joined": "2024-10-01T05:50:19.934Z", "usertype": "Student", "photo": "users/avatar.png", "groups": [], "user_permissions": []}}, {"model": "users.customuser", "pk": 34, "fields": {"password": "pbkdf2_sha256$600000$5J0iM4EBw7pJVjHz6O9Odg$DbZ0/8pgV8/dAzfKsRQYhsdov8p9zTQSeBKNbTjBXKs=", "last_login": null, "is_superuser": false, "username": "akshay", "first_name": "Akshay", "last_name": "Unnikrishnan", "email": "akshay.unnikrishnan@school.com", "is_staff": false, "is_active": true, "date_joined": "2024-10-01T05:50:20.259Z", "usertype": "Student", "photo": "users/avatar.png", "groups": [], "user_permissions": []}}, {"model": "users.customuser", "pk": 35, "fields": {"password": "pbkdf2_sha256$600000$ojiMSMpa9nf5cpjksExN0g$IMTc60IvAue77U9LpQsyfRxWaR+5ZFpAPVpkeZ1iO7s=", "last_login": null, "is_superuser": false, "username": "vishnu", "first_name": "Vishnu", "last_name": "Dev", "email": "vishnu.dev@school.com", "is_staff": false, "is_active": true, "date_joined": "2024-10-01T05:50:20.595Z", "usertype": "Student", "photo": "users/avatar.png", "groups": [], "user_permissions": []}}, {"model": "users.customuser", "pk": 36, "fields": {"password": "pbkdf2_sha256$600000$ezc1u9QeAOF4lektIYmhUr$c47A1b9zHHNDdm+zAybKMO5li5GKE0f0v+/nPWRJsUs=", "last_login": null, "is_superuser": false, "username": "revathy", "first_name": "Revathy", "last_name": "Pillai", "email": "revathy.pillai@school.com", "is_staff": false, "is_active": true, "date_joined": "2024-10-01T05:50:20.926Z", "usertype": "Student", "photo": "users/avatar.png", "groups": [], "user_permissions": []}}, {"model": "web.assignment", "pk": "893c043b-24d4-46fb-a21b-9d02e9b9ae23", "fields": {"created_at": "2024-09-29T02:09:04.060Z", "updated_at": "2024-10-01T06:19:46.648Z", "creator": null, "is_active": true, "assignment_id": "STA-2LF6IX", "title": "Mastering Effective Communication: Principles, Techniques, and Impact", "question": "To explore the fundamental principles of effective communication, understand various techniques to enhance communication skills, and analyze the impact of clear communication in different environments such as personal relationships, professional settings, and leadership roles.", "instructions": "<p>This assignment aims to <em>explore the fundamental principles of effective communication</em>, analyze its impact across different <strong>environments</strong>, and develop various techniques to enhance communication skills. You will focus on how communication affects personal relationships, professional settings, and leadership roles.</p>", "total_marks": 100, "assigned_date": "2024-09-29", "due_date": "2024-09-30", "created_by": "a732a60b-f677-4014-b764-6ddbb5f263a4", "subject": "dbf8c98b-3e09-4c0f-ade5-c341dc3af116", "attachment": "assignments/file-sample_150kB.pdf", "assigned_to": ["4149d09b-ffaa-4407-87b2-6fd4472a65e1", "986a8580-de1b-4a0b-b1e3-c0710c3da53e", "baef1974-8fdc-4261-885a-e32afc06570e", "51589933-ef0a-4998-9aa6-b11a53e35157", "bc652d6b-549d-42bc-a2bc-14de6aa48ef6", "9038c8ea-3e8d-4559-b470-0c14f7a39f7d", "75c2abb8-d251-4c54-961e-5bf9f7b4a843", "6542b251-26da-4f2b-a926-575202b64df7", "8ba8c4cd-0da3-400f-a8ff-21cf532a6975", "9bc7e98d-dfe7-462b-9632-e251d3f0f227", "b4692122-357c-4f94-865a-d54c9746d8ae", "a87a1cc3-3b9a-47ee-8723-7074721dc96b", "1ec387ac-ea73-4956-a3c9-7aa949805256", "ae160e56-ac9f-4996-a4f5-64b0138f2cfe", "85f6e466-2273-429e-aa57-740b2233293c", "4f7bd1b0-a926-4e95-b2b8-4a73d1920373", "0c086f21-9a6f-434b-924a-898b26b4b948", "4c9cf7ab-6c8f-4d28-bdb5-ae6620481f8a", "e199bed1-cb4e-451d-affc-53497d64ce54", "838057ac-143f-43fd-9c2f-8806f1237e66"]}}, {"model": "web.assignment", "pk": "dd62873c-7923-43af-9679-25bafeae0859", "fields": {"created_at": "2024-09-26T09:43:46.146Z", "updated_at": "2024-10-01T06:19:40.446Z", "creator": null, "is_active": true, "assignment_id": "SMA01", "title": "Understanding Leadership: Principles and Applications", "question": "The goal of this assignment is to explore the core principles of leadership and examine how these principles are applied in various contexts, such as personal, organizational, and community settings. You will analyze different leadership styles, understand their effectiveness in different environments, and reflect on how you can apply leadership principles in your own life.", "instructions": "<p>Write a detailed essay that addresses the following questions:</p>\r\n<ul>\r\n<li>What are the fundamental principles of leadership?</li>\r\n<li>How do various leadership styles (e.g., transformational, transactional, servant leadership) impact the effectiveness of a leader?</li>\r\n<li>Provide examples of successful leadership applications in different environments (personal, professional, and community).</li>\r\n<li>Reflect on a situation where you applied or witnessed leadership principles and analyze the outcome.</li>\r\n</ul>\r\n<p>Ensure that your essay is well-researched, uses real-life examples, and draws connections between leadership theory and practice.</p>", "total_marks": 100, "assigned_date": "2024-09-26", "due_date": "2024-09-30", "created_by": "a732a60b-f677-4014-b764-6ddbb5f263a4", "subject": "dbf8c98b-3e09-4c0f-ade5-c341dc3af116", "attachment": "assignments/file-sample_150kB_Wkc3jVy.pdf", "assigned_to": ["4149d09b-ffaa-4407-87b2-6fd4472a65e1", "986a8580-de1b-4a0b-b1e3-c0710c3da53e", "baef1974-8fdc-4261-885a-e32afc06570e", "51589933-ef0a-4998-9aa6-b11a53e35157", "bc652d6b-549d-42bc-a2bc-14de6aa48ef6", "9038c8ea-3e8d-4559-b470-0c14f7a39f7d", "75c2abb8-d251-4c54-961e-5bf9f7b4a843", "6542b251-26da-4f2b-a926-575202b64df7", "8ba8c4cd-0da3-400f-a8ff-21cf532a6975", "9bc7e98d-dfe7-462b-9632-e251d3f0f227", "b4692122-357c-4f94-865a-d54c9746d8ae", "a87a1cc3-3b9a-47ee-8723-7074721dc96b", "1ec387ac-ea73-4956-a3c9-7aa949805256", "ae160e56-ac9f-4996-a4f5-64b0138f2cfe", "85f6e466-2273-429e-aa57-740b2233293c", "4f7bd1b0-a926-4e95-b2b8-4a73d1920373", "0c086f21-9a6f-434b-924a-898b26b4b948", "4c9cf7ab-6c8f-4d28-bdb5-ae6620481f8a", "e199bed1-cb4e-451d-affc-53497d64ce54", "838057ac-143f-43fd-9c2f-8806f1237e66"]}}, {"model": "web.assignmentsubmission", "pk": "700f1475-e9a4-4793-97a5-a03db86163b6", "fields": {"created_at": "2024-09-30T14:10:28.605Z", "updated_at": "2024-09-30T16:43:25.811Z", "creator": null, "is_active": true, "assignment": "893c043b-24d4-46fb-a21b-9d02e9b9ae23", "student": "4149d09b-ffaa-4407-87b2-6fd4472a65e1", "attachment": "assignment_submissions/file-sample_150kB.pdf", "marks": 70, "is_valuated": false, "timestamp": "2024-09-30T14:10:28.605Z"}}, {"model": "web.assignmentsubmission", "pk": "ed63cf17-f1df-422e-8160-cae402aa0db2", "fields": {"created_at": "2024-09-30T14:10:46.578Z", "updated_at": "2024-09-30T14:10:46.578Z", "creator": null, "is_active": true, "assignment": "dd62873c-7923-43af-9679-25bafeae0859", "student": "4149d09b-ffaa-4407-87b2-6fd4472a65e1", "attachment": "assignment_submissions/file-sample_150kB_uP3uWFy.pdf", "marks": 20, "is_valuated": false, "timestamp": "2024-09-30T14:10:46.579Z"}}, {"model": "web.classtest", "pk": "b7312229-9b83-45f4-ae95-836100ddf1db", "fields": {"created_at": "2024-09-26T17:29:11.686Z", "updated_at": "2024-10-01T06:20:11.326Z", "creator": null, "is_active": true, "test_id": "SMT02", "title": "Leadership in Action: Class Test  Part 2", "due_date": "2024-09-30", "test_duration": 30, "total_marks": 100, "created_by": "a732a60b-f677-4014-b764-6ddbb5f263a4", "subject": "dbf8c98b-3e09-4c0f-ade5-c341dc3af116", "attachment": "class_tests/file-sample_150kB.pdf", "instructions": "<p>The goal of this assignment is to explore the core principles of leadership and examine how these principles are applied in various contexts, such as personal, organizational, and community settings. You will analyze different leadership styles, understand their effectiveness in different environments, and reflect on how you can apply leadership principles in your own life.</p>", "assigned_to": ["4149d09b-ffaa-4407-87b2-6fd4472a65e1", "986a8580-de1b-4a0b-b1e3-c0710c3da53e", "baef1974-8fdc-4261-885a-e32afc06570e", "51589933-ef0a-4998-9aa6-b11a53e35157", "bc652d6b-549d-42bc-a2bc-14de6aa48ef6", "9038c8ea-3e8d-4559-b470-0c14f7a39f7d", "75c2abb8-d251-4c54-961e-5bf9f7b4a843", "6542b251-26da-4f2b-a926-575202b64df7", "8ba8c4cd-0da3-400f-a8ff-21cf532a6975", "9bc7e98d-dfe7-462b-9632-e251d3f0f227", "b4692122-357c-4f94-865a-d54c9746d8ae", "a87a1cc3-3b9a-47ee-8723-7074721dc96b", "1ec387ac-ea73-4956-a3c9-7aa949805256", "ae160e56-ac9f-4996-a4f5-64b0138f2cfe", "85f6e466-2273-429e-aa57-740b2233293c", "4f7bd1b0-a926-4e95-b2b8-4a73d1920373", "0c086f21-9a6f-434b-924a-898b26b4b948", "4c9cf7ab-6c8f-4d28-bdb5-ae6620481f8a", "e199bed1-cb4e-451d-affc-53497d64ce54", "838057ac-143f-43fd-9c2f-8806f1237e66"]}}, {"model": "web.classtest", "pk": "ed8eacd5-3526-4104-848f-066aeeb15ac2", "fields": {"created_at": "2024-09-26T09:44:30.478Z", "updated_at": "2024-10-01T06:20:04.540Z", "creator": null, "is_active": true, "test_id": "SMT01", "title": "Leadership in Action: Class Test on Key Concepts and Traits", "due_date": "2024-09-26", "test_duration": 100, "total_marks": 100, "created_by": "a732a60b-f677-4014-b764-6ddbb5f263a4", "subject": "dbf8c98b-3e09-4c0f-ade5-c341dc3af116", "attachment": "class_tests/file-sample_150kB_1sik6ul.pdf", "instructions": "<p><strong>Multiple Choice Questions (MCQs)</strong><br />Answer a set of multiple-choice questions covering:</p>\r\n<ul>\r\n<li>Core leadership traits (e.g., integrity, empathy, decision-making)</li>\r\n<li>Leadership styles (e.g., transformational, autocratic, servant leadership)</li>\r\n<li>The role of emotional intelligence in leadership</li>\r\n</ul>\r\n<p><strong>Short Answer Questions</strong><br />In 3-4 sentences, provide answers for the following:</p>\r\n<ul>\r\n<li>What are the differences between transactional and transformational leadership?</li>\r\n<li>How does communication influence effective leadership?</li>\r\n</ul>", "assigned_to": ["4149d09b-ffaa-4407-87b2-6fd4472a65e1", "986a8580-de1b-4a0b-b1e3-c0710c3da53e", "baef1974-8fdc-4261-885a-e32afc06570e", "51589933-ef0a-4998-9aa6-b11a53e35157", "bc652d6b-549d-42bc-a2bc-14de6aa48ef6", "9038c8ea-3e8d-4559-b470-0c14f7a39f7d", "75c2abb8-d251-4c54-961e-5bf9f7b4a843", "6542b251-26da-4f2b-a926-575202b64df7", "8ba8c4cd-0da3-400f-a8ff-21cf532a6975", "9bc7e98d-dfe7-462b-9632-e251d3f0f227", "b4692122-357c-4f94-865a-d54c9746d8ae", "a87a1cc3-3b9a-47ee-8723-7074721dc96b", "1ec387ac-ea73-4956-a3c9-7aa949805256", "ae160e56-ac9f-4996-a4f5-64b0138f2cfe", "85f6e466-2273-429e-aa57-740b2233293c", "4f7bd1b0-a926-4e95-b2b8-4a73d1920373", "0c086f21-9a6f-434b-924a-898b26b4b948", "4c9cf7ab-6c8f-4d28-bdb5-ae6620481f8a", "e199bed1-cb4e-451d-affc-53497d64ce54", "838057ac-143f-43fd-9c2f-8806f1237e66"]}}, {"model": "web.testquestion", "pk": "02af75bf-4c44-4fdd-bc73-194bdca65ef2", "fields": {"created_at": "2024-09-26T17:29:11.693Z", "updated_at": "2024-09-26T17:29:11.693Z", "creator": null, "is_active": true, "test": "b7312229-9b83-45f4-ae95-836100ddf1db", "question": "What is a leaders primary responsibility?", "marks": 2}}, {"model": "web.testquestion", "pk": "055a22f5-b336-4d0e-91b3-4d75af4de20a", "fields": {"created_at": "2024-09-26T17:29:11.697Z", "updated_at": "2024-09-26T17:29:11.697Z", "creator": null, "is_active": true, "test": "b7312229-9b83-45f4-ae95-836100ddf1db", "question": "Why is it important for a leader to have a clear vision?", "marks": 2}}, {"model": "web.testquestion", "pk": "1410ae48-2292-431c-a3b5-a8d1e9161761", "fields": {"created_at": "2024-09-26T17:29:11.695Z", "updated_at": "2024-09-26T17:29:11.695Z", "creator": null, "is_active": true, "test": "b7312229-9b83-45f4-ae95-836100ddf1db", "question": "How can a leader inspire their team?", "marks": 2}}, {"model": "web.testquestion", "pk": "15813614-559b-4fbc-83e3-a646fe91c1df", "fields": {"created_at": "2024-09-26T17:29:11.695Z", "updated_at": "2024-09-26T17:29:11.695Z", "creator": null, "is_active": true, "test": "b7312229-9b83-45f4-ae95-836100ddf1db", "question": "Why is it important for leaders to be adaptable?", "marks": 2}}, {"model": "web.testquestion", "pk": "40f2ef7a-dd6c-4d5f-b1df-2ce5ecbaea3a", "fields": {"created_at": "2024-09-26T12:33:08.532Z", "updated_at": "2024-09-26T12:33:08.532Z", "creator": null, "is_active": true, "test": "ed8eacd5-3526-4104-848f-066aeeb15ac2", "question": "Which of the following is a key trait of a good leader?", "marks": 2}}, {"model": "web.testquestion", "pk": "70028622-7058-4d71-b333-2c31bfe9948e", "fields": {"created_at": "2024-09-26T12:52:02.799Z", "updated_at": "2024-09-26T12:52:02.799Z", "creator": null, "is_active": true, "test": "ed8eacd5-3526-4104-848f-066aeeb15ac2", "question": "How does communication play a role in leadership?", "marks": 2}}, {"model": "web.testquestion", "pk": "906acf91-0542-4404-be10-bb04059c5857", "fields": {"created_at": "2024-09-26T12:35:56.884Z", "updated_at": "2024-09-26T12:35:56.884Z", "creator": null, "is_active": true, "test": "ed8eacd5-3526-4104-848f-066aeeb15ac2", "question": "What does it mean to lead by example?", "marks": 2}}, {"model": "web.testquestion", "pk": "9ac6e8e7-e808-4619-b16f-73ad8ac0d623", "fields": {"created_at": "2024-09-26T17:29:11.697Z", "updated_at": "2024-09-29T17:13:45.784Z", "creator": null, "is_active": true, "test": "b7312229-9b83-45f4-ae95-836100ddf1db", "question": "What is the capital of France?", "marks": 10}}, {"model": "web.testquestion", "pk": "a44cfcac-b38b-4a17-a05a-8a4e7a2dc171", "fields": {"created_at": "2024-09-26T12:33:35.159Z", "updated_at": "2024-09-26T12:35:00.273Z", "creator": null, "is_active": true, "test": "ed8eacd5-3526-4104-848f-066aeeb15ac2", "question": "Which of the following best describes a leader's role?", "marks": 2}}, {"model": "web.testquestion", "pk": "adfa48d8-8568-4a0b-8071-5127d81ee1c8", "fields": {"created_at": "2024-09-26T12:32:12.191Z", "updated_at": "2024-09-26T12:32:12.191Z", "creator": null, "is_active": true, "test": "ed8eacd5-3526-4104-848f-066aeeb15ac2", "question": "What is leadership?", "marks": 2}}, {"model": "web.testquestion", "pk": "b29e3b5c-3f16-44a5-857b-777422281515", "fields": {"created_at": "2024-09-26T17:29:11.694Z", "updated_at": "2024-09-26T17:40:50.194Z", "creator": null, "is_active": true, "test": "b7312229-9b83-45f4-ae95-836100ddf1db", "question": "Which of these qualities helps leaders make better decisions?", "marks": 2}}, {"model": "web.testquestion", "pk": "d8879320-1ecc-4e95-9513-cc3d6d59736b", "fields": {"created_at": "2024-09-26T17:29:11.696Z", "updated_at": "2024-09-26T17:41:04.968Z", "creator": null, "is_active": true, "test": "b7312229-9b83-45f4-ae95-836100ddf1db", "question": "How does trust influence leadership?", "marks": 2}}, {"model": "web.testquestion", "pk": "da0a0692-ac42-45e8-bbf1-52409c04edd6", "fields": {"created_at": "2024-09-26T17:29:11.696Z", "updated_at": "2024-09-26T17:39:10.370Z", "creator": null, "is_active": true, "test": "b7312229-9b83-45f4-ae95-836100ddf1db", "question": "Which of the following is a leadership mistake?", "marks": 2}}, {"model": "web.testquestion", "pk": "f6bb0b56-72c7-4097-8add-7a403c5e1072", "fields": {"created_at": "2024-09-26T17:29:11.697Z", "updated_at": "2024-09-26T17:38:38.757Z", "creator": null, "is_active": true, "test": "b7312229-9b83-45f4-ae95-836100ddf1db", "question": "What is one way leaders can solve conflicts within a team?", "marks": 2}}, {"model": "web.testquestion", "pk": "fda58573-6a57-446a-b6d9-1f45b35589be", "fields": {"created_at": "2024-09-26T12:52:55.852Z", "updated_at": "2024-09-26T12:52:55.852Z", "creator": null, "is_active": true, "test": "ed8eacd5-3526-4104-848f-066aeeb15ac2", "question": "Why is it important for leaders to accept responsibility?", "marks": 2}}, {"model": "web.testanswer", "pk": "00324873-8952-4384-b69d-9b0e36c72fbe", "fields": {"created_at": "2024-09-26T12:33:08.535Z", "updated_at": "2024-09-26T12:33:08.535Z", "creator": null, "is_active": true, "question": "40f2ef7a-dd6c-4d5f-b1df-2ce5ecbaea3a", "answer": "Arrogance", "is_correct": false}}, {"model": "web.testanswer", "pk": "0de4fa8f-4787-44cd-9bb0-f226ac4264c7", "fields": {"created_at": "2024-09-26T12:35:00.276Z", "updated_at": "2024-09-26T12:35:00.276Z", "creator": null, "is_active": true, "question": "a44cfcac-b38b-4a17-a05a-8a4e7a2dc171", "answer": "To help others grow, inspire, and encourage them to achieve their potential", "is_correct": true}}, {"model": "web.testanswer", "pk": "1136d196-1165-4e64-a738-de0169778311", "fields": {"created_at": "2024-09-26T12:52:55.855Z", "updated_at": "2024-09-26T12:52:55.855Z", "creator": null, "is_active": true, "question": "fda58573-6a57-446a-b6d9-1f45b35589be", "answer": "Leaders dont need to accept responsibility; the team should", "is_correct": false}}, {"model": "web.testanswer", "pk": "15cd74de-89e0-4cf7-9241-4595b6da7cd4", "fields": {"created_at": "2024-09-26T12:52:55.853Z", "updated_at": "2024-09-26T12:52:55.853Z", "creator": null, "is_active": true, "question": "fda58573-6a57-446a-b6d9-1f45b35589be", "answer": "So they can blame others when things go wrong", "is_correct": false}}, {"model": "web.testanswer", "pk": "2fc3bf7c-0de9-4bb2-940f-1fbca0b823d6", "fields": {"created_at": "2024-09-26T12:52:02.801Z", "updated_at": "2024-09-26T12:52:02.801Z", "creator": null, "is_active": true, "question": "70028622-7058-4d71-b333-2c31bfe9948e", "answer": "A leader should always talk and never listen", "is_correct": false}}, {"model": "web.testanswer", "pk": "30f3ac59-1678-40e9-b053-fb658931e585", "fields": {"created_at": "2024-09-26T12:35:56.886Z", "updated_at": "2024-09-26T12:35:56.886Z", "creator": null, "is_active": true, "question": "906acf91-0542-4404-be10-bb04059c5857", "answer": "Demonstrating the behavior and actions you expect from others", "is_correct": true}}, {"model": "web.testanswer", "pk": "396d1318-6405-4bc1-8dd8-4371de9162d4", "fields": {"created_at": "2024-09-26T12:35:56.885Z", "updated_at": "2024-09-26T12:35:56.885Z", "creator": null, "is_active": true, "question": "906acf91-0542-4404-be10-bb04059c5857", "answer": "Telling others what to do without doing it yourself", "is_correct": false}}, {"model": "web.testanswer", "pk": "41167281-58fe-4b42-b1b8-47e1c2537d2b", "fields": {"created_at": "2024-09-26T17:40:50.196Z", "updated_at": "2024-09-26T17:40:50.196Z", "creator": null, "is_active": true, "question": "b29e3b5c-3f16-44a5-857b-777422281515", "answer": "Indifference", "is_correct": false}}, {"model": "web.testanswer", "pk": "45ef3468-1506-461c-9c6a-49899ea7c4f1", "fields": {"created_at": "2024-09-26T12:33:08.534Z", "updated_at": "2024-09-26T12:33:08.534Z", "creator": null, "is_active": true, "question": "40f2ef7a-dd6c-4d5f-b1df-2ce5ecbaea3a", "answer": "Selfishness", "is_correct": false}}, {"model": "web.testanswer", "pk": "510f0c7c-bfe9-43d6-b9bb-2433a7ac2d39", "fields": {"created_at": "2024-09-26T17:40:50.196Z", "updated_at": "2024-09-26T17:40:50.196Z", "creator": null, "is_active": true, "question": "b29e3b5c-3f16-44a5-857b-777422281515", "answer": "Emotional intelligence", "is_correct": true}}, {"model": "web.testanswer", "pk": "54d73093-8600-48a2-8c4d-f62387fdf6fd", "fields": {"created_at": "2024-09-26T12:35:00.276Z", "updated_at": "2024-09-26T12:35:00.276Z", "creator": null, "is_active": true, "question": "a44cfcac-b38b-4a17-a05a-8a4e7a2dc171", "answer": "To work alone and complete tasks without help", "is_correct": false}}, {"model": "web.testanswer", "pk": "551953c2-0c0c-4104-a00b-8f7ce7af5253", "fields": {"created_at": "2024-09-29T17:13:45.791Z", "updated_at": "2024-09-29T17:13:45.791Z", "creator": null, "is_active": true, "question": "9ac6e8e7-e808-4619-b16f-73ad8ac0d623", "answer": "Paris", "is_correct": true}}, {"model": "web.testanswer", "pk": "5ec29217-c2c4-442d-9c53-6e10e690529f", "fields": {"created_at": "2024-09-26T17:39:59.856Z", "updated_at": "2024-09-26T17:41:04.969Z", "creator": null, "is_active": true, "question": "d8879320-1ecc-4e95-9513-cc3d6d59736b", "answer": "It makes team members fearful of the leader", "is_correct": false}}, {"model": "web.testanswer", "pk": "6b2f91fd-2ffd-4b85-9a5b-9c674c612175", "fields": {"created_at": "2024-09-26T17:39:59.856Z", "updated_at": "2024-09-26T17:41:04.970Z", "creator": null, "is_active": true, "question": "d8879320-1ecc-4e95-9513-cc3d6d59736b", "answer": "It reduces the leaders authority", "is_correct": false}}, {"model": "web.testanswer", "pk": "70b9e4ae-0283-4a54-a9c5-81f0491271d2", "fields": {"created_at": "2024-09-26T12:35:00.277Z", "updated_at": "2024-09-26T12:35:00.277Z", "creator": null, "is_active": true, "question": "a44cfcac-b38b-4a17-a05a-8a4e7a2dc171", "answer": "To take credit for the team's success", "is_correct": false}}, {"model": "web.testanswer", "pk": "73eea610-d7bb-43c3-a134-8ac9efef6daf", "fields": {"created_at": "2024-09-26T17:39:10.373Z", "updated_at": "2024-09-26T17:39:10.373Z", "creator": null, "is_active": true, "question": "da0a0692-ac42-45e8-bbf1-52409c04edd6", "answer": "Setting clear goals", "is_correct": false}}, {"model": "web.testanswer", "pk": "74b9ce7c-7c6c-4daa-8e3a-057662f7ddca", "fields": {"created_at": "2024-09-26T17:38:38.760Z", "updated_at": "2024-09-26T17:38:38.760Z", "creator": null, "is_active": true, "question": "f6bb0b56-72c7-4097-8add-7a403c5e1072", "answer": "Choose a side and show favoritism", "is_correct": false}}, {"model": "web.testanswer", "pk": "8587bc6e-ef52-47c2-ae5d-eec274f007d7", "fields": {"created_at": "2024-09-26T17:39:10.372Z", "updated_at": "2024-09-26T17:39:10.372Z", "creator": null, "is_active": true, "question": "da0a0692-ac42-45e8-bbf1-52409c04edd6", "answer": "Ignoring team members contributions", "is_correct": true}}, {"model": "web.testanswer", "pk": "88849a29-ca2c-4301-ad16-8bfc16cdd30b", "fields": {"created_at": "2024-09-26T12:52:02.802Z", "updated_at": "2024-09-26T12:52:02.802Z", "creator": null, "is_active": true, "question": "70028622-7058-4d71-b333-2c31bfe9948e", "answer": "Communication is not important in leadership", "is_correct": false}}, {"model": "web.testanswer", "pk": "8a08ed5d-e911-4096-997c-bfa9a29db164", "fields": {"created_at": "2024-09-26T12:32:12.193Z", "updated_at": "2024-09-26T12:32:12.193Z", "creator": null, "is_active": true, "question": "adfa48d8-8568-4a0b-8071-5127d81ee1c8", "answer": "The ability to control others", "is_correct": false}}, {"model": "web.testanswer", "pk": "8b29a6ff-7d5f-4cc1-b621-a7ca7368b195", "fields": {"created_at": "2024-09-26T12:32:12.195Z", "updated_at": "2024-09-26T12:32:12.195Z", "creator": null, "is_active": true, "question": "adfa48d8-8568-4a0b-8071-5127d81ee1c8", "answer": "The ability to avoid responsibility", "is_correct": false}}, {"model": "web.testanswer", "pk": "8d9ed974-0072-4047-9c44-4c29b2a168da", "fields": {"created_at": "2024-09-26T12:52:55.855Z", "updated_at": "2024-09-26T12:52:55.855Z", "creator": null, "is_active": true, "question": "fda58573-6a57-446a-b6d9-1f45b35589be", "answer": "Accepting responsibility makes a leader look weak", "is_correct": false}}, {"model": "web.testanswer", "pk": "90f55310-2549-45d1-bccb-d52b38f768ec", "fields": {"created_at": "2024-09-26T12:52:02.801Z", "updated_at": "2024-09-26T12:52:02.801Z", "creator": null, "is_active": true, "question": "70028622-7058-4d71-b333-2c31bfe9948e", "answer": "A leader should listen and clearly express ideas to build understanding", "is_correct": true}}, {"model": "web.testanswer", "pk": "a44323db-da64-435e-af42-4956940aa334", "fields": {"created_at": "2024-09-26T17:38:38.759Z", "updated_at": "2024-09-26T17:38:38.759Z", "creator": null, "is_active": true, "question": "f6bb0b56-72c7-4097-8add-7a403c5e1072", "answer": "Encourage open communication and seek fair solutions", "is_correct": true}}, {"model": "web.testanswer", "pk": "a74abbf3-c77b-4355-be23-f84c911b3f61", "fields": {"created_at": "2024-09-26T17:38:38.760Z", "updated_at": "2024-09-26T17:38:38.760Z", "creator": null, "is_active": true, "question": "f6bb0b56-72c7-4097-8add-7a403c5e1072", "answer": "Avoid getting involved", "is_correct": false}}, {"model": "web.testanswer", "pk": "a9383dc2-95bc-4992-96a1-87d763da4546", "fields": {"created_at": "2024-09-26T17:39:10.373Z", "updated_at": "2024-09-26T17:39:10.373Z", "creator": null, "is_active": true, "question": "da0a0692-ac42-45e8-bbf1-52409c04edd6", "answer": "Appreciating team efforts", "is_correct": false}}, {"model": "web.testanswer", "pk": "aa3c949b-c7bc-416a-9a22-1cd1abdc4795", "fields": {"created_at": "2024-09-26T17:40:50.197Z", "updated_at": "2024-09-26T17:40:50.197Z", "creator": null, "is_active": true, "question": "b29e3b5c-3f16-44a5-857b-777422281515", "answer": "Overconfidence", "is_correct": false}}, {"model": "web.testanswer", "pk": "af0de9fd-aaed-44ef-8225-fe0454135d95", "fields": {"created_at": "2024-09-26T17:40:50.195Z", "updated_at": "2024-09-26T17:40:50.195Z", "creator": null, "is_active": true, "question": "b29e3b5c-3f16-44a5-857b-777422281515", "answer": "Impulsiveness", "is_correct": false}}, {"model": "web.testanswer", "pk": "b0350924-fb1a-4c0c-a7c5-0c126e4d9ba4", "fields": {"created_at": "2024-09-26T12:52:02.802Z", "updated_at": "2024-09-26T12:52:02.802Z", "creator": null, "is_active": true, "question": "70028622-7058-4d71-b333-2c31bfe9948e", "answer": "A leader should only communicate with a few people in the team", "is_correct": false}}, {"model": "web.testanswer", "pk": "b2473e13-4333-4d36-8af5-889472abee8c", "fields": {"created_at": "2024-09-26T12:32:12.194Z", "updated_at": "2024-09-26T12:32:12.194Z", "creator": null, "is_active": true, "question": "adfa48d8-8568-4a0b-8071-5127d81ee1c8", "answer": "The ability to motivate and guide others towards a common goal", "is_correct": true}}, {"model": "web.testanswer", "pk": "b4d42085-589b-4ff6-8aca-2ec4a0ef053e", "fields": {"created_at": "2024-09-26T17:39:10.374Z", "updated_at": "2024-09-26T17:39:10.374Z", "creator": null, "is_active": true, "question": "da0a0692-ac42-45e8-bbf1-52409c04edd6", "answer": "Encouraging teamwork", "is_correct": false}}, {"model": "web.testanswer", "pk": "b76c959d-6a86-4b64-b302-07248a075a01", "fields": {"created_at": "2024-09-29T17:13:45.792Z", "updated_at": "2024-09-29T17:13:45.792Z", "creator": null, "is_active": true, "question": "9ac6e8e7-e808-4619-b16f-73ad8ac0d623", "answer": "London", "is_correct": false}}, {"model": "web.testanswer", "pk": "bb308ebb-f07a-414a-a14f-98f625c20e63", "fields": {"created_at": "2024-09-26T12:33:08.534Z", "updated_at": "2024-09-26T12:33:08.534Z", "creator": null, "is_active": true, "question": "40f2ef7a-dd6c-4d5f-b1df-2ce5ecbaea3a", "answer": "Dishonesty", "is_correct": false}}, {"model": "web.testanswer", "pk": "bdc170e0-613c-4a87-822a-81de7b96d4da", "fields": {"created_at": "2024-09-26T12:33:08.535Z", "updated_at": "2024-09-26T12:33:08.535Z", "creator": null, "is_active": true, "question": "40f2ef7a-dd6c-4d5f-b1df-2ce5ecbaea3a", "answer": "Compassion", "is_correct": true}}, {"model": "web.testanswer", "pk": "cc140e71-17a4-4bbb-a45f-f352ad89f7d3", "fields": {"created_at": "2024-09-26T12:35:56.885Z", "updated_at": "2024-09-26T12:35:56.885Z", "creator": null, "is_active": true, "question": "906acf91-0542-4404-be10-bb04059c5857", "answer": "Following others without question", "is_correct": false}}, {"model": "web.testanswer", "pk": "cda3970d-117b-4ec2-83c4-6564c057efcb", "fields": {"created_at": "2024-09-26T12:32:12.194Z", "updated_at": "2024-09-26T12:32:12.194Z", "creator": null, "is_active": true, "question": "adfa48d8-8568-4a0b-8071-5127d81ee1c8", "answer": "The ability to work alone", "is_correct": false}}, {"model": "web.testanswer", "pk": "d0808a16-46ce-44bf-b4b8-0f4771f20a50", "fields": {"created_at": "2024-09-26T12:35:00.274Z", "updated_at": "2024-09-26T12:35:00.274Z", "creator": null, "is_active": true, "question": "a44cfcac-b38b-4a17-a05a-8a4e7a2dc171", "answer": "To tell others what to do and not listen to their ideas", "is_correct": false}}, {"model": "web.testanswer", "pk": "d3f1b532-4035-4919-9d73-7983331eca51", "fields": {"created_at": "2024-09-29T17:13:45.793Z", "updated_at": "2024-09-29T17:13:45.793Z", "creator": null, "is_active": true, "question": "9ac6e8e7-e808-4619-b16f-73ad8ac0d623", "answer": "Berlin", "is_correct": false}}, {"model": "web.testanswer", "pk": "e9351e7b-9f69-4991-b695-bbe2d9f94ef1", "fields": {"created_at": "2024-09-26T17:39:59.854Z", "updated_at": "2024-09-26T17:41:04.971Z", "creator": null, "is_active": true, "question": "d8879320-1ecc-4e95-9513-cc3d6d59736b", "answer": "It creates a positive and cooperative environment", "is_correct": true}}, {"model": "web.testanswer", "pk": "ee5017ab-a622-453a-801b-896e1bc4cd7b", "fields": {"created_at": "2024-09-26T17:38:38.758Z", "updated_at": "2024-09-26T17:38:38.758Z", "creator": null, "is_active": true, "question": "f6bb0b56-72c7-4097-8add-7a403c5e1072", "answer": "Ignore the conflict and hope it resolves itself", "is_correct": false}}, {"model": "web.testanswer", "pk": "f636727f-b89f-4362-a363-627fb445a3dd", "fields": {"created_at": "2024-09-26T12:52:55.854Z", "updated_at": "2024-09-26T12:52:55.854Z", "creator": null, "is_active": true, "question": "fda58573-6a57-446a-b6d9-1f45b35589be", "answer": "It helps them build trust and accountability with their team", "is_correct": true}}, {"model": "web.testanswer", "pk": "f97b4f9c-b650-44fd-b98b-f00018d7e5a0", "fields": {"created_at": "2024-09-26T17:39:59.855Z", "updated_at": "2024-09-26T17:41:04.971Z", "creator": null, "is_active": true, "question": "d8879320-1ecc-4e95-9513-cc3d6d59736b", "answer": "Trust doesnt affect leadership", "is_correct": false}}, {"model": "web.testanswer", "pk": "fb7eec91-0df7-4349-bf14-7f3aef088d21", "fields": {"created_at": "2024-09-26T12:35:56.886Z", "updated_at": "2024-09-26T12:35:56.886Z", "creator": null, "is_active": true, "question": "906acf91-0542-4404-be10-bb04059c5857", "answer": "Ignoring what your team needs", "is_correct": false}}, {"model": "web.testsubmission", "pk": "7d23fc67-cd21-4a14-a258-9186525ccbb9", "fields": {"created_at": "2024-09-30T16:51:55.134Z", "updated_at": "2024-09-30T16:51:55.134Z", "creator": null, "is_active": true, "test": "b7312229-9b83-45f4-ae95-836100ddf1db", "student": "4149d09b-ffaa-4407-87b2-6fd4472a65e1", "started_at": "2024-09-30T16:51:55.134Z", "is_valuated": true}}, {"model": "web.testanswersubmission", "pk": "1c37aa36-a63a-48c5-a2b6-e1984bf7e7b6", "fields": {"created_at": "2024-09-30T16:51:55.137Z", "updated_at": "2024-09-30T16:51:55.137Z", "creator": null, "is_active": true, "submission": "7d23fc67-cd21-4a14-a258-9186525ccbb9", "question": "40f2ef7a-dd6c-4d5f-b1df-2ce5ecbaea3a", "answer": "bb308ebb-f07a-414a-a14f-98f625c20e63"}}, {"model": "web.testanswersubmission", "pk": "b45f9609-999e-4227-b106-3a6b87cf1ba0", "fields": {"created_at": "2024-09-30T16:51:55.136Z", "updated_at": "2024-09-30T16:51:55.136Z", "creator": null, "is_active": true, "submission": "7d23fc67-cd21-4a14-a258-9186525ccbb9", "question": "adfa48d8-8568-4a0b-8071-5127d81ee1c8", "answer": "8a08ed5d-e911-4096-997c-bfa9a29db164"}}, {"model": "web.testanswersubmission", "pk": "d702d74e-53c0-470b-a807-4f3c2870f790", "fields": {"created_at": "2024-09-30T16:51:55.139Z", "updated_at": "2024-09-30T16:51:55.139Z", "creator": null, "is_active": true, "submission": "7d23fc67-cd21-4a14-a258-9186525ccbb9", "question": "d8879320-1ecc-4e95-9513-cc3d6d59736b", "answer": "2fc3bf7c-0de9-4bb2-940f-1fbca0b823d6"}}, {"model": "web.practicetest", "pk": "46fd6e96-ddd0-4579-af27-d976ea2864bd", "fields": {"created_at": "2024-10-01T08:44:41.261Z", "updated_at": "2024-10-01T08:44:41.261Z", "creator": null, "is_active": true, "test_id": "STT-F1CFBD", "title": "Mastering Effective Communication: Principles, Techniques, and Impact", "due_date": "2024-09-30", "test_duration": 40, "total_marks": 100, "created_by": "a732a60b-f677-4014-b764-6ddbb5f263a4", "subject": "dbf8c98b-3e09-4c0f-ade5-c341dc3af116", "attachment": "class_tests/file-sample_150kB_GaZSL3Q.pdf", "instructions": "Instructions Here", "assigned_to": []}}, {"model": "web.practicetest", "pk": "b7312229-9b83-45f4-ae95-836100ddf1db", "fields": {"created_at": "2024-10-01T07:31:04.352Z", "updated_at": "2024-10-01T07:31:04.352Z", "creator": null, "is_active": true, "test_id": "SMT02", "title": "Leadership in Action: Class Test  Part 2", "due_date": "2024-09-30", "test_duration": 30, "total_marks": 100, "created_by": "a732a60b-f677-4014-b764-6ddbb5f263a4", "subject": "dbf8c98b-3e09-4c0f-ade5-c341dc3af116", "attachment": "class_tests/file-sample_150kB.pdf", "instructions": "<p>The goal of this assignment is to explore the core principles of leadership and examine how these principles are applied in various contexts, such as personal, organizational, and community settings. You will analyze different leadership styles, understand their effectiveness in different environments, and reflect on how you can apply leadership principles in your own life.</p>", "assigned_to": ["4149d09b-ffaa-4407-87b2-6fd4472a65e1", "986a8580-de1b-4a0b-b1e3-c0710c3da53e", "baef1974-8fdc-4261-885a-e32afc06570e", "51589933-ef0a-4998-9aa6-b11a53e35157", "bc652d6b-549d-42bc-a2bc-14de6aa48ef6", "9038c8ea-3e8d-4559-b470-0c14f7a39f7d", "75c2abb8-d251-4c54-961e-5bf9f7b4a843", "6542b251-26da-4f2b-a926-575202b64df7", "8ba8c4cd-0da3-400f-a8ff-21cf532a6975", "9bc7e98d-dfe7-462b-9632-e251d3f0f227", "b4692122-357c-4f94-865a-d54c9746d8ae", "a87a1cc3-3b9a-47ee-8723-7074721dc96b", "1ec387ac-ea73-4956-a3c9-7aa949805256", "ae160e56-ac9f-4996-a4f5-64b0138f2cfe", "85f6e466-2273-429e-aa57-740b2233293c", "4f7bd1b0-a926-4e95-b2b8-4a73d1920373", "0c086f21-9a6f-434b-924a-898b26b4b948", "4c9cf7ab-6c8f-4d28-bdb5-ae6620481f8a", "e199bed1-cb4e-451d-affc-53497d64ce54", "838057ac-143f-43fd-9c2f-8806f1237e66"]}}, {"model": "web.practicetest", "pk": "ed8eacd5-3526-4104-848f-066aeeb15ac2", "fields": {"created_at": "2024-10-01T07:31:04.338Z", "updated_at": "2024-10-01T07:31:04.338Z", "creator": null, "is_active": true, "test_id": "SMT01", "title": "Leadership in Action: Class Test on Key Concepts and Traits", "due_date": "2024-09-26", "test_duration": 100, "total_marks": 100, "created_by": "a732a60b-f677-4014-b764-6ddbb5f263a4", "subject": "dbf8c98b-3e09-4c0f-ade5-c341dc3af116", "attachment": "class_tests/file-sample_150kB_1sik6ul.pdf", "instructions": "<p><strong>Multiple Choice Questions (MCQs)</strong><br />Answer a set of multiple-choice questions covering:</p>\n<ul>\n<li>Core leadership traits (e.g., integrity, empathy, decision-making)</li>\n<li>Leadership styles (e.g., transformational, autocratic, servant leadership)</li>\n<li>The role of emotional intelligence in leadership</li>\n</ul>\n<p><strong>Short Answer Questions</strong><br />In 3-4 sentences, provide answers for the following:</p>\n<ul>\n<li>What are the differences between transactional and transformational leadership?</li>\n<li>How does communication influence effective leadership?</li>\n</ul>", "assigned_to": ["4149d09b-ffaa-4407-87b2-6fd4472a65e1", "986a8580-de1b-4a0b-b1e3-c0710c3da53e", "baef1974-8fdc-4261-885a-e32afc06570e", "51589933-ef0a-4998-9aa6-b11a53e35157", "bc652d6b-549d-42bc-a2bc-14de6aa48ef6", "9038c8ea-3e8d-4559-b470-0c14f7a39f7d", "75c2abb8-d251-4c54-961e-5bf9f7b4a843", "6542b251-26da-4f2b-a926-575202b64df7", "8ba8c4cd-0da3-400f-a8ff-21cf532a6975", "9bc7e98d-dfe7-462b-9632-e251d3f0f227", "b4692122-357c-4f94-865a-d54c9746d8ae", "a87a1cc3-3b9a-47ee-8723-7074721dc96b", "1ec387ac-ea73-4956-a3c9-7aa949805256", "ae160e56-ac9f-4996-a4f5-64b0138f2cfe", "85f6e466-2273-429e-aa57-740b2233293c", "4f7bd1b0-a926-4e95-b2b8-4a73d1920373", "0c086f21-9a6f-434b-924a-898b26b4b948", "4c9cf7ab-6c8f-4d28-bdb5-ae6620481f8a", "e199bed1-cb4e-451d-affc-53497d64ce54", "838057ac-143f-43fd-9c2f-8806f1237e66"]}}, {"model": "web.practicetestquestion", "pk": "02af75bf-4c44-4fdd-bc73-194bdca65ef2", "fields": {"created_at": "2024-10-01T07:34:32.694Z", "updated_at": "2024-10-01T07:34:32.695Z", "creator": null, "is_active": true, "test": "b7312229-9b83-45f4-ae95-836100ddf1db", "question": "What is a leaders primary responsibility?", "marks": 2}}, {"model": "web.practicetestquestion", "pk": "055a22f5-b336-4d0e-91b3-4d75af4de20a", "fields": {"created_at": "2024-10-01T07:34:32.691Z", "updated_at": "2024-10-01T07:34:32.691Z", "creator": null, "is_active": true, "test": "b7312229-9b83-45f4-ae95-836100ddf1db", "question": "Why is it important for a leader to have a clear vision?", "marks": 2}}, {"model": "web.practicetestquestion", "pk": "1410ae48-2292-431c-a3b5-a8d1e9161761", "fields": {"created_at": "2024-10-01T07:34:32.688Z", "updated_at": "2024-10-01T07:34:32.688Z", "creator": null, "is_active": true, "test": "b7312229-9b83-45f4-ae95-836100ddf1db", "question": "How can a leader inspire their team?", "marks": 2}}, {"model": "web.practicetestquestion", "pk": "15813614-559b-4fbc-83e3-a646fe91c1df", "fields": {"created_at": "2024-10-01T07:34:32.684Z", "updated_at": "2024-10-01T07:34:32.684Z", "creator": null, "is_active": true, "test": "b7312229-9b83-45f4-ae95-836100ddf1db", "question": "Why is it important for leaders to be adaptable?", "marks": 2}}, {"model": "web.practicetestquestion", "pk": "40f2ef7a-dd6c-4d5f-b1df-2ce5ecbaea3a", "fields": {"created_at": "2024-10-01T07:34:32.680Z", "updated_at": "2024-10-01T07:34:32.680Z", "creator": null, "is_active": true, "test": "ed8eacd5-3526-4104-848f-066aeeb15ac2", "question": "Which of the following is a key trait of a good leader?", "marks": 2}}, {"model": "web.practicetestquestion", "pk": "70028622-7058-4d71-b333-2c31bfe9948e", "fields": {"created_at": "2024-10-01T07:34:32.677Z", "updated_at": "2024-10-01T07:34:32.677Z", "creator": null, "is_active": true, "test": "ed8eacd5-3526-4104-848f-066aeeb15ac2", "question": "How does communication play a role in leadership?", "marks": 2}}, {"model": "web.practicetestquestion", "pk": "906acf91-0542-4404-be10-bb04059c5857", "fields": {"created_at": "2024-10-01T07:34:32.674Z", "updated_at": "2024-10-01T07:34:32.674Z", "creator": null, "is_active": true, "test": "ed8eacd5-3526-4104-848f-066aeeb15ac2", "question": "What does it mean to lead by example?", "marks": 2}}, {"model": "web.practicetestquestion", "pk": "9ac6e8e7-e808-4619-b16f-73ad8ac0d623", "fields": {"created_at": "2024-10-01T07:34:32.670Z", "updated_at": "2024-10-01T07:34:32.670Z", "creator": null, "is_active": true, "test": "b7312229-9b83-45f4-ae95-836100ddf1db", "question": "What is the capital of France?", "marks": 10}}, {"model": "web.practicetestquestion", "pk": "a44cfcac-b38b-4a17-a05a-8a4e7a2dc171", "fields": {"created_at": "2024-10-01T07:34:32.666Z", "updated_at": "2024-10-01T07:34:32.666Z", "creator": null, "is_active": true, "test": "ed8eacd5-3526-4104-848f-066aeeb15ac2", "question": "Which of the following best describes a leader's role?", "marks": 2}}, {"model": "web.practicetestquestion", "pk": "adfa48d8-8568-4a0b-8071-5127d81ee1c8", "fields": {"created_at": "2024-10-01T07:34:32.660Z", "updated_at": "2024-10-01T07:34:32.660Z", "creator": null, "is_active": true, "test": "ed8eacd5-3526-4104-848f-066aeeb15ac2", "question": "What is leadership?", "marks": 2}}, {"model": "web.practicetestquestion", "pk": "b29e3b5c-3f16-44a5-857b-777422281515", "fields": {"created_at": "2024-10-01T07:34:32.657Z", "updated_at": "2024-10-01T07:34:32.657Z", "creator": null, "is_active": true, "test": "b7312229-9b83-45f4-ae95-836100ddf1db", "question": "Which of these qualities helps leaders make better decisions?", "marks": 2}}, {"model": "web.practicetestquestion", "pk": "d8879320-1ecc-4e95-9513-cc3d6d59736b", "fields": {"created_at": "2024-10-01T07:34:32.654Z", "updated_at": "2024-10-01T07:34:32.654Z", "creator": null, "is_active": true, "test": "b7312229-9b83-45f4-ae95-836100ddf1db", "question": "How does trust influence leadership?", "marks": 2}}, {"model": "web.practicetestquestion", "pk": "da0a0692-ac42-45e8-bbf1-52409c04edd6", "fields": {"created_at": "2024-10-01T07:34:32.650Z", "updated_at": "2024-10-01T07:34:32.650Z", "creator": null, "is_active": true, "test": "b7312229-9b83-45f4-ae95-836100ddf1db", "question": "Which of the following is a leadership mistake?", "marks": 2}}, {"model": "web.practicetestquestion", "pk": "f6bb0b56-72c7-4097-8add-7a403c5e1072", "fields": {"created_at": "2024-10-01T07:34:32.646Z", "updated_at": "2024-10-01T07:34:32.646Z", "creator": null, "is_active": true, "test": "b7312229-9b83-45f4-ae95-836100ddf1db", "question": "What is one way leaders can solve conflicts within a team?", "marks": 2}}, {"model": "web.practicetestquestion", "pk": "fda58573-6a57-446a-b6d9-1f45b35589be", "fields": {"created_at": "2024-10-01T07:34:32.639Z", "updated_at": "2024-10-01T07:34:32.639Z", "creator": null, "is_active": true, "test": "ed8eacd5-3526-4104-848f-066aeeb15ac2", "question": "Why is it important for leaders to accept responsibility?", "marks": 2}}, {"model": "web.practicetestanswer", "pk": "00324873-8952-4384-b69d-9b0e36c72fbe", "fields": {"created_at": "2024-10-01T07:42:02.846Z", "updated_at": "2024-10-01T07:42:02.846Z", "creator": null, "is_active": true, "question": "40f2ef7a-dd6c-4d5f-b1df-2ce5ecbaea3a", "answer": "Arrogance", "is_correct": false}}, {"model": "web.practicetestanswer", "pk": "0de4fa8f-4787-44cd-9bb0-f226ac4264c7", "fields": {"created_at": "2024-10-01T07:42:02.843Z", "updated_at": "2024-10-01T07:42:02.843Z", "creator": null, "is_active": true, "question": "a44cfcac-b38b-4a17-a05a-8a4e7a2dc171", "answer": "To help others grow, inspire, and encourage them to achieve their potential", "is_correct": true}}, {"model": "web.practicetestanswer", "pk": "1136d196-1165-4e64-a738-de0169778311", "fields": {"created_at": "2024-10-01T07:42:02.841Z", "updated_at": "2024-10-01T07:42:02.841Z", "creator": null, "is_active": true, "question": "fda58573-6a57-446a-b6d9-1f45b35589be", "answer": "Leaders dont need to accept responsibility; the team should", "is_correct": false}}, {"model": "web.practicetestanswer", "pk": "15cd74de-89e0-4cf7-9241-4595b6da7cd4", "fields": {"created_at": "2024-10-01T07:42:02.838Z", "updated_at": "2024-10-01T07:42:02.838Z", "creator": null, "is_active": true, "question": "fda58573-6a57-446a-b6d9-1f45b35589be", "answer": "So they can blame others when things go wrong", "is_correct": false}}, {"model": "web.practicetestanswer", "pk": "2fc3bf7c-0de9-4bb2-940f-1fbca0b823d6", "fields": {"created_at": "2024-10-01T07:42:02.835Z", "updated_at": "2024-10-01T07:42:02.835Z", "creator": null, "is_active": true, "question": "70028622-7058-4d71-b333-2c31bfe9948e", "answer": "A leader should always talk and never listen", "is_correct": false}}, {"model": "web.practicetestanswer", "pk": "30f3ac59-1678-40e9-b053-fb658931e585", "fields": {"created_at": "2024-10-01T07:42:02.832Z", "updated_at": "2024-10-01T07:42:02.832Z", "creator": null, "is_active": true, "question": "906acf91-0542-4404-be10-bb04059c5857", "answer": "Demonstrating the behavior and actions you expect from others", "is_correct": true}}, {"model": "web.practicetestanswer", "pk": "396d1318-6405-4bc1-8dd8-4371de9162d4", "fields": {"created_at": "2024-10-01T07:42:02.829Z", "updated_at": "2024-10-01T07:42:02.829Z", "creator": null, "is_active": true, "question": "906acf91-0542-4404-be10-bb04059c5857", "answer": "Telling others what to do without doing it yourself", "is_correct": false}}, {"model": "web.practicetestanswer", "pk": "41167281-58fe-4b42-b1b8-47e1c2537d2b", "fields": {"created_at": "2024-10-01T07:42:02.825Z", "updated_at": "2024-10-01T07:42:02.825Z", "creator": null, "is_active": true, "question": "b29e3b5c-3f16-44a5-857b-777422281515", "answer": "Indifference", "is_correct": false}}, {"model": "web.practicetestanswer", "pk": "45ef3468-1506-461c-9c6a-49899ea7c4f1", "fields": {"created_at": "2024-10-01T07:42:02.823Z", "updated_at": "2024-10-01T07:42:02.823Z", "creator": null, "is_active": true, "question": "40f2ef7a-dd6c-4d5f-b1df-2ce5ecbaea3a", "answer": "Selfishness", "is_correct": false}}, {"model": "web.practicetestanswer", "pk": "510f0c7c-bfe9-43d6-b9bb-2433a7ac2d39", "fields": {"created_at": "2024-10-01T07:42:02.821Z", "updated_at": "2024-10-01T07:42:02.821Z", "creator": null, "is_active": true, "question": "b29e3b5c-3f16-44a5-857b-777422281515", "answer": "Emotional intelligence", "is_correct": true}}, {"model": "web.practicetestanswer", "pk": "54d73093-8600-48a2-8c4d-f62387fdf6fd", "fields": {"created_at": "2024-10-01T07:42:02.817Z", "updated_at": "2024-10-01T07:42:02.818Z", "creator": null, "is_active": true, "question": "a44cfcac-b38b-4a17-a05a-8a4e7a2dc171", "answer": "To work alone and complete tasks without help", "is_correct": false}}, {"model": "web.practicetestanswer", "pk": "551953c2-0c0c-4104-a00b-8f7ce7af5253", "fields": {"created_at": "2024-10-01T07:42:02.815Z", "updated_at": "2024-10-01T07:42:02.815Z", "creator": null, "is_active": true, "question": "9ac6e8e7-e808-4619-b16f-73ad8ac0d623", "answer": "Paris", "is_correct": true}}, {"model": "web.practicetestanswer", "pk": "5ec29217-c2c4-442d-9c53-6e10e690529f", "fields": {"created_at": "2024-10-01T07:42:02.811Z", "updated_at": "2024-10-01T07:42:02.811Z", "creator": null, "is_active": true, "question": "d8879320-1ecc-4e95-9513-cc3d6d59736b", "answer": "It makes team members fearful of the leader", "is_correct": false}}, {"model": "web.practicetestanswer", "pk": "6b2f91fd-2ffd-4b85-9a5b-9c674c612175", "fields": {"created_at": "2024-10-01T07:42:02.808Z", "updated_at": "2024-10-01T07:42:02.808Z", "creator": null, "is_active": true, "question": "d8879320-1ecc-4e95-9513-cc3d6d59736b", "answer": "It reduces the leaders authority", "is_correct": false}}, {"model": "web.practicetestanswer", "pk": "70b9e4ae-0283-4a54-a9c5-81f0491271d2", "fields": {"created_at": "2024-10-01T07:42:02.805Z", "updated_at": "2024-10-01T07:42:02.805Z", "creator": null, "is_active": true, "question": "a44cfcac-b38b-4a17-a05a-8a4e7a2dc171", "answer": "To take credit for the team's success", "is_correct": false}}, {"model": "web.practicetestanswer", "pk": "73eea610-d7bb-43c3-a134-8ac9efef6daf", "fields": {"created_at": "2024-10-01T07:42:02.803Z", "updated_at": "2024-10-01T07:42:02.803Z", "creator": null, "is_active": true, "question": "da0a0692-ac42-45e8-bbf1-52409c04edd6", "answer": "Setting clear goals", "is_correct": false}}, {"model": "web.practicetestanswer", "pk": "74b9ce7c-7c6c-4daa-8e3a-057662f7ddca", "fields": {"created_at": "2024-10-01T07:42:02.800Z", "updated_at": "2024-10-01T07:42:02.800Z", "creator": null, "is_active": true, "question": "f6bb0b56-72c7-4097-8add-7a403c5e1072", "answer": "Choose a side and show favoritism", "is_correct": false}}, {"model": "web.practicetestanswer", "pk": "8587bc6e-ef52-47c2-ae5d-eec274f007d7", "fields": {"created_at": "2024-10-01T07:42:02.797Z", "updated_at": "2024-10-01T07:42:02.797Z", "creator": null, "is_active": true, "question": "da0a0692-ac42-45e8-bbf1-52409c04edd6", "answer": "Ignoring team members contributions", "is_correct": true}}, {"model": "web.practicetestanswer", "pk": "88849a29-ca2c-4301-ad16-8bfc16cdd30b", "fields": {"created_at": "2024-10-01T07:42:02.793Z", "updated_at": "2024-10-01T07:42:02.793Z", "creator": null, "is_active": true, "question": "70028622-7058-4d71-b333-2c31bfe9948e", "answer": "Communication is not important in leadership", "is_correct": false}}, {"model": "web.practicetestanswer", "pk": "8a08ed5d-e911-4096-997c-bfa9a29db164", "fields": {"created_at": "2024-10-01T07:42:02.790Z", "updated_at": "2024-10-01T07:42:02.790Z", "creator": null, "is_active": true, "question": "adfa48d8-8568-4a0b-8071-5127d81ee1c8", "answer": "The ability to control others", "is_correct": false}}, {"model": "web.practicetestanswer", "pk": "8b29a6ff-7d5f-4cc1-b621-a7ca7368b195", "fields": {"created_at": "2024-10-01T07:42:02.787Z", "updated_at": "2024-10-01T07:42:02.787Z", "creator": null, "is_active": true, "question": "adfa48d8-8568-4a0b-8071-5127d81ee1c8", "answer": "The ability to avoid responsibility", "is_correct": false}}, {"model": "web.practicetestanswer", "pk": "8d9ed974-0072-4047-9c44-4c29b2a168da", "fields": {"created_at": "2024-10-01T07:42:02.784Z", "updated_at": "2024-10-01T07:42:02.784Z", "creator": null, "is_active": true, "question": "fda58573-6a57-446a-b6d9-1f45b35589be", "answer": "Accepting responsibility makes a leader look weak", "is_correct": false}}, {"model": "web.practicetestanswer", "pk": "90f55310-2549-45d1-bccb-d52b38f768ec", "fields": {"created_at": "2024-10-01T07:42:02.782Z", "updated_at": "2024-10-01T07:42:02.782Z", "creator": null, "is_active": true, "question": "70028622-7058-4d71-b333-2c31bfe9948e", "answer": "A leader should listen and clearly express ideas to build understanding", "is_correct": true}}, {"model": "web.practicetestanswer", "pk": "a44323db-da64-435e-af42-4956940aa334", "fields": {"created_at": "2024-10-01T07:42:02.779Z", "updated_at": "2024-10-01T07:42:02.779Z", "creator": null, "is_active": true, "question": "f6bb0b56-72c7-4097-8add-7a403c5e1072", "answer": "Encourage open communication and seek fair solutions", "is_correct": true}}, {"model": "web.practicetestanswer", "pk": "a74abbf3-c77b-4355-be23-f84c911b3f61", "fields": {"created_at": "2024-10-01T07:42:02.776Z", "updated_at": "2024-10-01T07:42:02.776Z", "creator": null, "is_active": true, "question": "f6bb0b56-72c7-4097-8add-7a403c5e1072", "answer": "Avoid getting involved", "is_correct": false}}, {"model": "web.practicetestanswer", "pk": "a9383dc2-95bc-4992-96a1-87d763da4546", "fields": {"created_at": "2024-10-01T07:42:02.773Z", "updated_at": "2024-10-01T07:42:02.773Z", "creator": null, "is_active": true, "question": "da0a0692-ac42-45e8-bbf1-52409c04edd6", "answer": "Appreciating team efforts", "is_correct": false}}, {"model": "web.practicetestanswer", "pk": "aa3c949b-c7bc-416a-9a22-1cd1abdc4795", "fields": {"created_at": "2024-10-01T07:42:02.770Z", "updated_at": "2024-10-01T07:42:02.770Z", "creator": null, "is_active": true, "question": "b29e3b5c-3f16-44a5-857b-777422281515", "answer": "Overconfidence", "is_correct": false}}, {"model": "web.practicetestanswer", "pk": "af0de9fd-aaed-44ef-8225-fe0454135d95", "fields": {"created_at": "2024-10-01T07:42:02.768Z", "updated_at": "2024-10-01T07:42:02.768Z", "creator": null, "is_active": true, "question": "b29e3b5c-3f16-44a5-857b-777422281515", "answer": "Impulsiveness", "is_correct": false}}, {"model": "web.practicetestanswer", "pk": "b0350924-fb1a-4c0c-a7c5-0c126e4d9ba4", "fields": {"created_at": "2024-10-01T07:42:02.764Z", "updated_at": "2024-10-01T07:42:02.764Z", "creator": null, "is_active": true, "question": "70028622-7058-4d71-b333-2c31bfe9948e", "answer": "A leader should only communicate with a few people in the team", "is_correct": false}}, {"model": "web.practicetestanswer", "pk": "b2473e13-4333-4d36-8af5-889472abee8c", "fields": {"created_at": "2024-10-01T07:42:02.760Z", "updated_at": "2024-10-01T07:42:02.760Z", "creator": null, "is_active": true, "question": "adfa48d8-8568-4a0b-8071-5127d81ee1c8", "answer": "The ability to motivate and guide others towards a common goal", "is_correct": true}}, {"model": "web.practicetestanswer", "pk": "b4d42085-589b-4ff6-8aca-2ec4a0ef053e", "fields": {"created_at": "2024-10-01T07:42:02.757Z", "updated_at": "2024-10-01T07:42:02.757Z", "creator": null, "is_active": true, "question": "da0a0692-ac42-45e8-bbf1-52409c04edd6", "answer": "Encouraging teamwork", "is_correct": false}}, {"model": "web.practicetestanswer", "pk": "b76c959d-6a86-4b64-b302-07248a075a01", "fields": {"created_at": "2024-10-01T07:42:02.754Z", "updated_at": "2024-10-01T07:42:02.754Z", "creator": null, "is_active": true, "question": "9ac6e8e7-e808-4619-b16f-73ad8ac0d623", "answer": "London", "is_correct": false}}, {"model": "web.practicetestanswer", "pk": "bb308ebb-f07a-414a-a14f-98f625c20e63", "fields": {"created_at": "2024-10-01T07:42:02.751Z", "updated_at": "2024-10-01T07:42:02.751Z", "creator": null, "is_active": true, "question": "40f2ef7a-dd6c-4d5f-b1df-2ce5ecbaea3a", "answer": "Dishonesty", "is_correct": false}}, {"model": "web.practicetestanswer", "pk": "bdc170e0-613c-4a87-822a-81de7b96d4da", "fields": {"created_at": "2024-10-01T07:42:02.748Z", "updated_at": "2024-10-01T07:42:02.748Z", "creator": null, "is_active": true, "question": "40f2ef7a-dd6c-4d5f-b1df-2ce5ecbaea3a", "answer": "Compassion", "is_correct": true}}, {"model": "web.practicetestanswer", "pk": "cc140e71-17a4-4bbb-a45f-f352ad89f7d3", "fields": {"created_at": "2024-10-01T07:42:02.745Z", "updated_at": "2024-10-01T07:42:02.745Z", "creator": null, "is_active": true, "question": "906acf91-0542-4404-be10-bb04059c5857", "answer": "Following others without question", "is_correct": false}}, {"model": "web.practicetestanswer", "pk": "cda3970d-117b-4ec2-83c4-6564c057efcb", "fields": {"created_at": "2024-10-01T07:42:02.742Z", "updated_at": "2024-10-01T07:42:02.742Z", "creator": null, "is_active": true, "question": "adfa48d8-8568-4a0b-8071-5127d81ee1c8", "answer": "The ability to work alone", "is_correct": false}}, {"model": "web.practicetestanswer", "pk": "d0808a16-46ce-44bf-b4b8-0f4771f20a50", "fields": {"created_at": "2024-10-01T07:42:02.739Z", "updated_at": "2024-10-01T07:42:02.739Z", "creator": null, "is_active": true, "question": "a44cfcac-b38b-4a17-a05a-8a4e7a2dc171", "answer": "To tell others what to do and not listen to their ideas", "is_correct": false}}, {"model": "web.practicetestanswer", "pk": "d3f1b532-4035-4919-9d73-7983331eca51", "fields": {"created_at": "2024-10-01T07:42:02.736Z", "updated_at": "2024-10-01T07:42:02.736Z", "creator": null, "is_active": true, "question": "9ac6e8e7-e808-4619-b16f-73ad8ac0d623", "answer": "Berlin", "is_correct": false}}, {"model": "web.practicetestanswer", "pk": "e9351e7b-9f69-4991-b695-bbe2d9f94ef1", "fields": {"created_at": "2024-10-01T07:42:02.733Z", "updated_at": "2024-10-01T07:42:02.733Z", "creator": null, "is_active": true, "question": "d8879320-1ecc-4e95-9513-cc3d6d59736b", "answer": "It creates a positive and cooperative environment", "is_correct": true}}, {"model": "web.practicetestanswer", "pk": "ee5017ab-a622-453a-801b-896e1bc4cd7b", "fields": {"created_at": "2024-10-01T07:42:02.729Z", "updated_at": "2024-10-01T07:42:02.729Z", "creator": null, "is_active": true, "question": "f6bb0b56-72c7-4097-8add-7a403c5e1072", "answer": "Ignore the conflict and hope it resolves itself", "is_correct": false}}, {"model": "web.practicetestanswer", "pk": "f636727f-b89f-4362-a363-627fb445a3dd", "fields": {"created_at": "2024-10-01T07:42:02.725Z", "updated_at": "2024-10-01T07:42:02.725Z", "creator": null, "is_active": true, "question": "fda58573-6a57-446a-b6d9-1f45b35589be", "answer": "It helps them build trust and accountability with their team", "is_correct": true}}, {"model": "web.practicetestanswer", "pk": "f97b4f9c-b650-44fd-b98b-f00018d7e5a0", "fields": {"created_at": "2024-10-01T07:42:02.723Z", "updated_at": "2024-10-01T07:42:02.723Z", "creator": null, "is_active": true, "question": "d8879320-1ecc-4e95-9513-cc3d6d59736b", "answer": "Trust doesnt affect leadership", "is_correct": false}}, {"model": "web.practicetestanswer", "pk": "fb7eec91-0df7-4349-bf14-7f3aef088d21", "fields": {"created_at": "2024-10-01T07:42:02.720Z", "updated_at": "2024-10-01T07:42:02.720Z", "creator": null, "is_active": true, "question": "906acf91-0542-4404-be10-bb04059c5857", "answer": "Ignoring what your team needs", "is_correct": false}}]