[{"model": "auth.user", "pk": 1, "fields": {"password": "pbkdf2_sha256$320000$mTS3sc2q6YS0E4B4OZObpj$SpHmpwEfckaI1e7Isyvgen+4qFuwLeVA9NsXjoevZZo=", "last_login": "2024-03-06T14:36:21.108Z", "is_superuser": true, "username": "littlegenie", "first_name": "", "last_name": "", "email": "", "is_staff": true, "is_active": true, "date_joined": "2022-04-23T05:39:54Z", "groups": [], "user_permissions": []}}, {"model": "sessions.session", "pk": "08vflycta88bo9kl1gozguyn0g137cmg", "fields": {"session_data": ".eJxVjEEOgjAQRe_StWlgKO3UpXvPQDrTGUFNSSisjHdXEha6_e-9_zJD2tZx2Kosw5TN2bTm9LtR4oeUHeR7KrfZ8lzWZSK7K_ag1V7nLM_L4f4djKmO3xoxqmMIHthJDMxePKrvAMD3KpG60DuVnpG0AVJRwrZBl30bEiYw7w_fBjf1:1nnEMZ:M4u91yLwNF935ywDewbwY0q9xvVyQqMFovDN3_s5Bo4", "expire_date": "2022-05-21T06:56:23.541Z"}}, {"model": "sessions.session", "pk": "0fh9c9fimpkn4hkgjoerrhuctpv3o2dn", "fields": {"session_data": ".eJxVjDkOwjAURO_iGlneF0r6nMH63wsOIFuKkwpxdxIpBTRTzHszbxJgW2vYRl7CnMiVcHL57RDiM7cDpAe0e6ext3WZkR4KPemgU0_5dTvdv4MKo-5rZBgdL1GKLLVXxWmRjNVofBJOCF8keGujB9SwZ0brnGaMCWZUVBzJ5wvfMTd4:1pZlQG:nTvC-bu6DE9fMIDD4t2c8ILBEPIxffv3MyCjbRaT4mQ", "expire_date": "2023-03-22T04:29:04.324Z"}}, {"model": "sessions.session", "pk": "2dcqjqsnf7ksj5a1h3cass9y6doxh1em", "fields": {"session_data": ".eJxVjEEOgjAQRe_StWk6tNNBl-45QzNlBosaSCisjHdXEha6_e-9_zKJt7WkreqSRjEXA-b0u2XuHzrtQO483Wbbz9O6jNnuij1otd0s-rwe7t9B4Vq-NQF5ckRDyCDBeVIOAq0fHFJE1bM0TUZwFDQAB2Voo0P0SIxRKJr3B7MdNoI:1o8l8a:LuBE9_Ixwbp15rThfXYzdO9t7fiM30QKs2ZgoQhka38", "expire_date": "2022-07-19T16:10:56.401Z"}}, {"model": "sessions.session", "pk": "2fubhewsrr72iczhokvyyfx4fe5fjdbp", "fields": {"session_data": ".eJxVjEEOgjAQRe_StWlgKO3UpXvPQDrTGUFNSSisjHdXEha6_e-9_zJD2tZx2Kosw5TN2bTm9LtR4oeUHeR7KrfZ8lzWZSK7K_ag1V7nLM_L4f4djKmO3xoxqmMIHthJDMxePKrvAMD3KpG60DuVnpG0AVJRwrZBl30bEiYw7w_fBjf1:1nlSQ4:0g7Jz_xQRHxS_6MRvE1O6JNBOm-wLkBSaKkxn3h4ULc", "expire_date": "2022-05-16T09:32:40.185Z"}}, {"model": "sessions.session", "pk": "4axjf5qawwol14sa378mhy9zoz27gmjw", "fields": {"session_data": ".eJxVjEEOgjAQRe_StWlgKO3UpXvPQDrTGUFNSSisjHdXEha6_e-9_zJD2tZx2Kosw5TN2bTm9LtR4oeUHeR7KrfZ8lzWZSK7K_ag1V7nLM_L4f4djKmO3xoxqmMIHthJDMxePKrvAMD3KpG60DuVnpG0AVJRwrZBl30bEiYw7w_fBjf1:1nkgJ4:qnl0yRR-gxfrr3VbzeWNbzklG_fUL_tw8cXXtFslEqk", "expire_date": "2022-05-14T06:10:14.576Z"}}, {"model": "sessions.session", "pk": "5kd7uh06t2sihctbiqvrd06kmiw7pt8z", "fields": {"session_data": ".eJxVjDkOwjAURO_iGlneF0r6nMH63wsOIFuKkwpxdxIpBTRTzHszbxJgW2vYRl7CnMiVcHL57RDiM7cDpAe0e6ext3WZkR4KPemgU0_5dTvdv4MKo-5rZBgdL1GKLLVXxWmRjNVofBJOCF8keGujB9SwZ0brnGaMCWZUVBzJ5wvfMTd4:1pTPyo:byvMX-C98Z8F1tgTk71JUg5a-BwQFNDy90nH0xKc9MY", "expire_date": "2023-03-04T16:22:30.337Z"}}, {"model": "sessions.session", "pk": "69yv1x7bkdnyvx86fg9rjgq6mjcnnqj5", "fields": {"session_data": ".eJxVjEEOgjAQRe_StWlgKO3UpXvPQDrTGUFNSSisjHdXEha6_e-9_zJD2tZx2Kosw5TN2bTm9LtR4oeUHeR7KrfZ8lzWZSK7K_ag1V7nLM_L4f4djKmO3xoxqmMIHthJDMxePKrvAMD3KpG60DuVnpG0AVJRwrZBl30bEiYw7w_fBjf1:1norSv:ROvYAmcoTU5JnxCFwWuGeqLP51Ke3YOAyt4jo2ERn6o", "expire_date": "2022-05-25T18:53:41.822Z"}}, {"model": "sessions.session", "pk": "6xhk23lytzclby5yhysbn8as35qs91jl", "fields": {"session_data": ".eJxVjEEOgjAQRe_StWlgKO3UpXvPQDrTGUFNSSisjHdXEha6_e-9_zJD2tZx2Kosw5TN2bTm9LtR4oeUHeR7KrfZ8lzWZSK7K_ag1V7nLM_L4f4djKmO3xoxqmMIHthJDMxePKrvAMD3KpG60DuVnpG0AVJRwrZBl30bEiYw7w_fBjf1:1niJlP:yCVoI8-fSIfiYAQ-1gOCb81eQQNDSf-HsWXVa3lBHBs", "expire_date": "2022-05-07T17:41:43.884Z"}}, {"model": "sessions.session", "pk": "7akxzew015e5octzla36l7g2hkgfefv4", "fields": {"session_data": ".eJxVjEEOgjAQRe_StWk6tNNBl-45QzNlBosaSCisjHdXEha6_e-9_zKJt7WkreqSRjEXA-b0u2XuHzrtQO483Wbbz9O6jNnuij1otd0s-rwe7t9B4Vq-NQF5ckRDyCDBeVIOAq0fHFJE1bM0TUZwFDQAB2Voo0P0SIxRKJr3B7MdNoI:1o9lny:o38mFF3AFXELocE6M_QtVYIMQhJXinT0697_-nKiO6U", "expire_date": "2022-07-22T11:05:50.854Z"}}, {"model": "sessions.session", "pk": "7guag9sgmbut57d715scemv0f35xcjs1", "fields": {"session_data": ".eJxVjDkOwjAURO_iGlneF0r6nMH63wsOIFuKkwpxdxIpBTRTzHszbxJgW2vYRl7CnMiVcHL57RDiM7cDpAe0e6ext3WZkR4KPemgU0_5dTvdv4MKo-5rZBgdL1GKLLVXxWmRjNVofBJOCF8keGujB9SwZ0brnGaMCWZUVBzJ5wvfMTd4:1qQilb:rsaLVNFiFzW2wHoWaiJTtIPTHt0Z7EfsQM2wumgWg5U", "expire_date": "2023-08-15T06:21:59.634Z"}}, {"model": "sessions.session", "pk": "9ei6xbj2b2gxjtz09fovi8tv2hvudijn", "fields": {"session_data": ".eJxVjMsOwiAURP-FtSGgXOC6dO83kMtLqgaS0q5M_72SdKHJrOacmQ9ztC7FrT3NborsyoCdfjtP4ZXqAPFJ9dF4aHWZJ8-Hwg_a-b3F9L4d7t9BoV6-a22MPZO0KgJKqZMyVsKI0RSyQMjJYyAbhfAKiBTk4BFVBoEX1IJtO7neNwM:1qUoIg:zJOCxm4sAMQCnDT71qyskP3V0lQfHOzD39VTvCIof3k", "expire_date": "2023-08-26T13:05:02.469Z"}}, {"model": "sessions.session", "pk": "drzy6qqxki24ymuduvwjcst1mmrwtatx", "fields": {"session_data": ".eJxVjEEOgjAQRe_StWk6tNNBl-45QzNlBosaSCisjHdXEha6_e-9_zKJt7WkreqSRjEXA-b0u2XuHzrtQO483Wbbz9O6jNnuij1otd0s-rwe7t9B4Vq-NQF5ckRDyCDBeVIOAq0fHFJE1bM0TUZwFDQAB2Voo0P0SIxRKJr3B7MdNoI:1nwGhV:s4Uuy-EarhgmDQSHE3l2v81sHOWth7YmSBpE8VhD2qI", "expire_date": "2022-06-15T05:15:21.029Z"}}, {"model": "sessions.session", "pk": "e0lzendrdidvau3628nemq105864ap4m", "fields": {"session_data": ".eJxVjEEOgjAQRe_StWlgKO3UpXvPQDrTGUFNSSisjHdXEha6_e-9_zJD2tZx2Kosw5TN2bTm9LtR4oeUHeR7KrfZ8lzWZSK7K_ag1V7nLM_L4f4djKmO3xoxqmMIHthJDMxePKrvAMD3KpG60DuVnpG0AVJRwrZBl30bEiYw7w_fBjf1:1nqXYM:8ad02jT1ju39ObcusfdFVbo9bsOLGVK5yIigrvnOGxM", "expire_date": "2022-05-30T10:02:14.916Z"}}, {"model": "sessions.session", "pk": "e2vz6140egg11csm6g6awizw0txgd5wz", "fields": {"session_data": ".eJxVjEEOgjAQRe_StWk6tNNBl-45QzNlBosaSCisjHdXEha6_e-9_zKJt7WkreqSRjEXA-b0u2XuHzrtQO483Wbbz9O6jNnuij1otd0s-rwe7t9B4Vq-NQF5ckRDyCDBeVIOAq0fHFJE1bM0TUZwFDQAB2Voo0P0SIxRKJr3B7MdNoI:1o0iKQ:d9xGdA0-f8WMvxUqMUInaFfAIf8MJu5yArk9GKfqMK8", "expire_date": "2022-06-27T11:33:54.343Z"}}, {"model": "sessions.session", "pk": "feu79lll72yuucu9sjnjrqwtohodzatn", "fields": {"session_data": ".eJxVjDkOwjAURO_iGlneF0r6nMH63wsOIFuKkwpxdxIpBTRTzHszbxJgW2vYRl7CnMiVcHL57RDiM7cDpAe0e6ext3WZkR4KPemgU0_5dTvdv4MKo-5rZBgdL1GKLLVXxWmRjNVofBJOCF8keGujB9SwZ0brnGaMCWZUVBzJ5wvfMTd4:1pJAdC:9YbbT_OGuJurSMSE-aMPmnyYtn8L8h4-TwVLlRPF5_A", "expire_date": "2023-02-04T09:57:50.768Z"}}, {"model": "sessions.session", "pk": "fqqnpf3lropvpzrpv189bhcbrqpjscww", "fields": {"session_data": ".eJxVjEEOgjAQRe_StWlgKO3UpXvPQDrTGUFNSSisjHdXEha6_e-9_zJD2tZx2Kosw5TN2bTm9LtR4oeUHeR7KrfZ8lzWZSK7K_ag1V7nLM_L4f4djKmO3xoxqmMIHthJDMxePKrvAMD3KpG60DuVnpG0AVJRwrZBl30bEiYw7w_fBjf1:1nnEad:TQjqfIcOqaC9AKkrtiWJEbcGk38KIMp75siZEleF6Ow", "expire_date": "2022-05-21T07:10:55.810Z"}}, {"model": "sessions.session", "pk": "l8r2b8lq2vu1bfq7zu5rgo7jne1jho6m", "fields": {"session_data": ".eJxVjEEOwiAQRe_C2pDCANO6dN8zkIEBqRqalHZlvLtt0oVu33v_v4WnbS1-a2nxE4urMOLyywLFZ6qH4AfV-yzjXNdlCvJI5GmbHGdOr9vZ_h0UamVfZ5ctaxONQ41IYYCUgTREAuiZ1YCxc30M4AwozVobizsyaLPq0Fnx-QLa3jbn:1pMcUC:BFO_ap38Z3bngw4ISwacg7r-2v3sLtR3z9eR6YcVHwQ", "expire_date": "2023-02-13T22:18:48.848Z"}}, {"model": "sessions.session", "pk": "lgnahcp9q5zyqsznj8i9f4k5incfo0b0", "fields": {"session_data": ".eJxVjDkOwjAURO_iGlneF0r6nMH63wsOIFuKkwpxdxIpBTRTzHszbxJgW2vYRl7CnMiVcHL57RDiM7cDpAe0e6ext3WZkR4KPemgU0_5dTvdv4MKo-5rZBgdL1GKLLVXxWmRjNVofBJOCF8keGujB9SwZ0brnGaMCWZUVBzJ5wvfMTd4:1pqu8l:YFq2SsiX0Tn-kQLn-qz-71TuQzrniRCSXZkQPAtdU24", "expire_date": "2023-05-08T11:13:51.320Z"}}, {"model": "sessions.session", "pk": "okdovudb07n50aancy6n0jz1yswu6zor", "fields": {"session_data": ".eJxVjDkOwjAURO_iGlneF0r6nMH63wsOIFuKkwpxdxIpBTRTzHszbxJgW2vYRl7CnMiVcHL57RDiM7cDpAe0e6ext3WZkR4KPemgU0_5dTvdv4MKo-5rZBgdL1GKLLVXxWmRjNVofBJOCF8keGujB9SwZ0brnGaMCWZUVBzJ5wvfMTd4:1pJ6qt:gIlrhiX-wrWs7oqKTHs6MZgY8OlW3Y6dnKuS4cg6Cig", "expire_date": "2023-02-04T05:55:43.908Z"}}, {"model": "sessions.session", "pk": "pswni05y0w4yqsodb18rmppqv23rcsj1", "fields": {"session_data": ".eJxVjEEOgjAQRe_StWlgKO3UpXvPQDrTGUFNSSisjHdXEha6_e-9_zJD2tZx2Kosw5TN2bTm9LtR4oeUHeR7KrfZ8lzWZSK7K_ag1V7nLM_L4f4djKmO3xoxqmMIHthJDMxePKrvAMD3KpG60DuVnpG0AVJRwrZBl30bEiYw7w_fBjf1:1niAom:XZAOTjhsVQRh-7SeEVt0XxUgb7AQ4KHurlUTA5icCl4", "expire_date": "2022-05-07T08:08:36.689Z"}}, {"model": "sessions.session", "pk": "q1av6vsgiunx00p03zmfo74fqag9dlil", "fields": {"session_data": ".eJxVjEEOgjAQRe_StWk6tNNBl-45QzNlBosaSCisjHdXEha6_e-9_zKJt7WkreqSRjEXA-b0u2XuHzrtQO483Wbbz9O6jNnuij1otd0s-rwe7t9B4Vq-NQF5ckRDyCDBeVIOAq0fHFJE1bM0TUZwFDQAB2Voo0P0SIxRKJr3B7MdNoI:1ny70T:f2Qm2wr-i_qKBQCVbQxVJKFn9KVDV_rnjjYYHAwIGzg", "expire_date": "2022-06-20T07:18:33.341Z"}}, {"model": "sessions.session", "pk": "r78mg40y3dpkq4hpbytrsh24gnml64z0", "fields": {"session_data": ".eJxVjEEOgjAQRe_StWlgKO3UpXvPQDrTGUFNSSisjHdXEha6_e-9_zJD2tZx2Kosw5TN2bTm9LtR4oeUHeR7KrfZ8lzWZSK7K_ag1V7nLM_L4f4djKmO3xoxqmMIHthJDMxePKrvAMD3KpG60DuVnpG0AVJRwrZBl30bEiYw7w_fBjf1:1niFsR:m-pCM41mtVC--g91nieQjUFeOLGJTCTAIpfxFgYdcZo", "expire_date": "2022-05-07T13:32:43.689Z"}}, {"model": "sessions.session", "pk": "smbutb0ly4mw00yfpxawrivy7qpz3bqy", "fields": {"session_data": ".eJxVjDkOwjAURO_iGlneF0r6nMH63wsOIFuKkwpxdxIpBTRTzHszbxJgW2vYRl7CnMiVcHL57RDiM7cDpAe0e6ext3WZkR4KPemgU0_5dTvdv4MKo-5rZBgdL1GKLLVXxWmRjNVofBJOCF8keGujB9SwZ0brnGaMCWZUVBzJ5wvfMTd4:1pKfIG:622AeYinj0Aca2_1WbknbghBcRaVFVIj-elBxcccqIw", "expire_date": "2023-02-08T12:54:24.998Z"}}, {"model": "sessions.session", "pk": "t5yab9ecla7edh4bqn4uyat7kv7wf0hy", "fields": {"session_data": ".eJxVjDkOwjAURO_iGlneF0r6nMH63wsOIFuKkwpxdxIpBTRTzHszbxJgW2vYRl7CnMiVcHL57RDiM7cDpAe0e6ext3WZkR4KPemgU0_5dTvdv4MKo-5rZBgdL1GKLLVXxWmRjNVofBJOCF8keGujB9SwZ0brnGaMCWZUVBzJ5wvfMTd4:1pQM1Y:nNOWBd-8ZQxdiIBRt4H_SqmexVUzI4sKKfNC4B-VSog", "expire_date": "2023-02-24T05:32:40.759Z"}}, {"model": "sessions.session", "pk": "tps3uftnuthq4taqo7ph8abxzpzo1137", "fields": {"session_data": ".eJxVjEEOgjAQRe_StWk6tNNBl-45QzNlBosaSCisjHdXEha6_e-9_zKJt7WkreqSRjEXA-b0u2XuHzrtQO483Wbbz9O6jNnuij1otd0s-rwe7t9B4Vq-NQF5ckRDyCDBeVIOAq0fHFJE1bM0TUZwFDQAB2Voo0P0SIxRKJr3B7MdNoI:1nzu8E:LSaP0E_gCXjpVcD-9jL5tlRcqeaHyPeas50kvrsY7jE", "expire_date": "2022-06-25T05:57:58.240Z"}}, {"model": "sessions.session", "pk": "tvglur07oto3mljfs6p2p7j3gf9r9jc1", "fields": {"session_data": ".eJxVjDsOwjAQBe_iGlkrx19Kes5gebNrHEC2FCdVxN1JpBTQvpl5m4hpXUpcO89xInEVSlx-N0zji-sB6Jnqo8mx1WWeUB6KPGmX90b8vp3u30FJvew1kEEVNID3xJh9UIPzZgDIORsLbHVGVEo7q5kzETpPyA6CcsbtSHy-2H84GA:1nvEy3:_MdO8aVY7AuH1k1vEx4Kged9xU67Wo9zbTrEIYDISc4", "expire_date": "2022-06-12T09:12:11.943Z"}}, {"model": "sessions.session", "pk": "xo8i30qxm85zj1fm1mzy83l2paf6g21s", "fields": {"session_data": ".eJxVjDkOwjAURO_iGlneF0r6nMH63wsOIFuKkwpxdxIpBTRTzHszbxJgW2vYRl7CnMiVcHL57RDiM7cDpAe0e6ext3WZkR4KPemgU0_5dTvdv4MKo-5rZBgdL1GKLLVXxWmRjNVofBJOCF8keGujB9SwZ0brnGaMCWZUVBzJ5wvfMTd4:1qcjnI:D-qeaXMaUeudnNmEuhXkdaVyRmARU0ngk4Ej7c1wJmc", "expire_date": "2023-09-17T09:53:24.606Z"}}, {"model": "sessions.session", "pk": "yplfhj9cxmb27nklndyovaaxxdb27tq6", "fields": {"session_data": ".eJxVjEEOgjAQRe_StWk6tNNBl-45QzNlBosaSCisjHdXEha6_e-9_zKJt7WkreqSRjEXA-b0u2XuHzrtQO483Wbbz9O6jNnuij1otd0s-rwe7t9B4Vq-NQF5ckRDyCDBeVIOAq0fHFJE1bM0TUZwFDQAB2Voo0P0SIxRKJr3B7MdNoI:1nwF9N:iRrQ2ry9eJ9oAISHK1BhaeYTlU-Lxw3h_--BJVmb93s", "expire_date": "2022-06-15T03:36:01.651Z"}}, {"model": "sessions.session", "pk": "z8qy1hazpna1n1i6klb5qgptkdpeqk9u", "fields": {"session_data": ".eJxVjEEOgjAQRe_StWlgKO3UpXvPQDrTGUFNSSisjHdXEha6_e-9_zJD2tZx2Kosw5TN2bTm9LtR4oeUHeR7KrfZ8lzWZSK7K_ag1V7nLM_L4f4djKmO3xoxqmMIHthJDMxePKrvAMD3KpG60DuVnpG0AVJRwrZBl30bEiYw7w_fBjf1:1no0wV:Dfwec_ne0mx_owUMW14qghRyE-zpsxRIItATsOZfoA4", "expire_date": "2022-05-23T10:48:43.536Z"}}, {"model": "course.course", "pk": "3256fcd2-cbd1-4194-b50f-f974a8f6b2a4", "fields": {"category": "Non-Academic", "title": "Popeye Jr", "image": "images/course/Logo_Png_1.png", "description": "Art & Craft activities are entertaining and at the same time beneficial to children in many ways. It helps them with decision making abilities, improves concentration, boosts their self- confidence, increases their problem-solving abilities and also improve their academic performance. Research has proved that Art could help create a better S.T.E.M student! The classes are completely online so our children can learn from the comfort of our home via Zoom, GMeet or any other platform with a live interactive way.", "course_duration": "15 Days", "course_fee": "249.00"}}, {"model": "course.course", "pk": "56c6cbf0-cd51-4e7c-b4a8-3f1b23ad80a0", "fields": {"category": "Non-Academic", "title": "Young Gullivers", "image": "images/course/Logo_5.png", "description": "Art & Craft activities are entertaining and at the same time beneficial to children in many ways. It helps them with decision making abilities, improves concentration, boosts their self- confidence, increases their problem-solving abilities and also improve their academic performance. Research has proved that Art could help create a better S.T.E.M student! The classes are completely online so our children can learn from the comfort of our home via Zoom, GMeet or any other platform with a live interactive way.", "course_duration": "15 Days", "course_fee": "249.00"}}, {"model": "course.course", "pk": "9bf27148-bb77-4f2c-ab1c-89ea942ab6a6", "fields": {"category": "Non-Academic", "title": "Baby Chef", "image": "images/course/logo_png.png", "description": "Baby Chef is a full line-up of virtual cooking classes for kids, With interactive instruction from our skilled instructors, Baby chefs get to chop, mix and roll their way to a different delicious dish in each class - with enough to share with the fam! Kids learn valuable culinary skills and new recipes, enjoy a fun hands-on activity, and are inspired to expand their taste buds to discover that \"real food\" can be really good.", "course_duration": "15 Days", "course_fee": "249.00"}}, {"model": "course.course", "pk": "c021e177-fb7a-456d-87f7-cea03f73060b", "fields": {"category": "Non-Academic", "title": "Crafter KId", "image": "images/course/logo_4.png", "description": "Art & Craft activities are entertaining and at the same time beneficial to children in many ways. It helps them with decision making abilities, improves concentration, boosts their self- confidence, increases their problem-solving abilities and also improve their academic performance. Research has proved that Art could help create a better S.T.E.M student! The classes are completely online so our children can learn from the comfort of our home via Zoom, GMeet or any other platform with a live interactive way.", "course_duration": "15 Days", "course_fee": "249.00"}}, {"model": "course.courseenquiry", "pk": "0861b503-500d-4f01-93ee-59e5bce88eb2", "fields": {"child_name": "Jude", "email": "asharosemathew1991@gmail.com", "phone": "0468330723", "course": "56c6cbf0-cd51-4e7c-b4a8-3f1b23ad80a0", "message": "More information please", "is_checked": false, "timestamp": "2024-04-24T10:26:02.033Z"}}, {"model": "course.courseenquiry", "pk": "3b033b70-d44c-4650-911f-10fa41e6ea67", "fields": {"child_name": "Dhruv Vijayakumar", "email": "viswanath.vijay965@gmail.com", "phone": "09562450257", "course": "3256fcd2-cbd1-4194-b50f-f974a8f6b2a4", "message": "Want to know the fees...", "is_checked": false, "timestamp": "2023-02-08T12:43:50.587Z"}}, {"model": "course.courseenquiry", "pk": "40450385-9fe6-4aef-9362-1c2098da84e3", "fields": {"child_name": "Ayisha Naira Nazeema", "email": "er.nihalpp@gmail.com", "phone": "9072227711", "course": "3256fcd2-cbd1-4194-b50f-f974a8f6b2a4", "message": "My kid is 3.5-year age and interested to join the pre-KG class online. WhatsApp +91 9072227711", "is_checked": false, "timestamp": "2025-02-25T06:23:58.225Z"}}, {"model": "course.courseenquiry", "pk": "6f84a69c-805f-471f-b184-4c44366bb9c4", "fields": {"child_name": "Hadeed Moosa", "email": "myzaabanu@gmail.com", "phone": "8105448997", "course": "c021e177-fb7a-456d-87f7-cea03f73060b", "message": "Need to enquire about academic course", "is_checked": false, "timestamp": "2025-06-05T15:57:06.997Z"}}, {"model": "course.courseenquiry", "pk": "a9a72601-2568-49b5-bf02-1b93b6385aff", "fields": {"child_name": "Iza Diann", "email": "divyanv.19@gmail.com", "phone": "9562212175", "course": "3256fcd2-cbd1-4194-b50f-f974a8f6b2a4", "message": "Details about the course", "is_checked": false, "timestamp": "2024-09-02T18:21:42.526Z"}}, {"model": "course.courseenquiry", "pk": "bbf2e831-3b8b-466d-bb84-26e9f68a0dde", "fields": {"child_name": "Noureen", "email": "Jumanaaseen114@gmail.com", "phone": "8606336203", "course": "9bf27148-bb77-4f2c-ab1c-89ea942ab6a6", "message": "Details of the course\nTiming", "is_checked": false, "timestamp": "2023-06-12T15:06:16.711Z"}}, {"model": "course.courseenquiry", "pk": "e1dd8180-8c70-4c97-9397-552d2924de93", "fields": {"child_name": "Tevez vinil", "email": "Sinshivinil@gmail.com", "phone": "0522858937", "course": "3256fcd2-cbd1-4194-b50f-f974a8f6b2a4", "message": "Wanted to know more about the course and the structure", "is_checked": false, "timestamp": "2024-03-17T13:01:37.721Z"}}, {"model": "course.courseenquiry", "pk": "e671abd7-d33e-46ce-a0d8-1eebba6521fa", "fields": {"child_name": "RUAH MIRIAM", "email": "arathipeter@gmail.com", "phone": "9745413090", "course": "3256fcd2-cbd1-4194-b50f-f974a8f6b2a4", "message": "May I know how to register and how long is this course", "is_checked": false, "timestamp": "2023-06-01T10:16:34.160Z"}}, {"model": "course.courseenquiry", "pk": "f0b102d6-1907-437a-a27f-1bd16aea8a28", "fields": {"child_name": "Sathwik R", "email": "ammuamoose@gmail.com", "phone": "8589070745", "course": "3256fcd2-cbd1-4194-b50f-f974a8f6b2a4", "message": "Lkg", "is_checked": false, "timestamp": "2023-11-10T07:26:04.099Z"}}, {"model": "blogs.author", "pk": 1, "fields": {"name": "Joyce Carol Oates", "designation": "British Novelist", "email": "hello@joyce.com", "photo": "images/authors/avatar-ef2a8d5152c7fd044d2972eda2d678c5.jpg", "about": "In a prolific and varied oeuvre that ranges over essays, plays, criticism, and several genres of fiction, Joyce Carol Oates has proved herself one of the most influential and important storytellers in the literary world."}}, {"model": "blogs.author", "pk": 2, "fields": {"name": "Bill McKibben", "designation": "British Novelist", "email": "hello@bill.com", "photo": "images/authors/avatar-838462a2804d869489b3a8a3686e3d28.jpg", "about": "Bill McKibben is the author of ten books, including The End of Nature, The Age of Missing Information, and Enough: Staying Human in an Engineered Age. A former staff writer for The New Yorker, he writes regularly for Harper’s, The Atlantic Monthly, and The New York Review of Books, among other publications. He is a scholar in residence at Middlebury College and lives in Vermont with his wife, the writer Sue Halpern, and their daughter."}}, {"model": "blogs.blog", "pk": "194283d7-4534-43c7-b344-12dbee0218dd", "fields": {"title": "Make your kids enjoy learning", "author": 1, "photo": "images/Blog/72-722692_collection-of-science-and-society-high-innovative-applications.png", "published_date": "2022-04-23", "published_time": "17:25:58", "summary": "Lorem ipsum dolor sit amet, consectetur adipiscing elit. Etiam ut imperdiet nisl. Morbi urna felis, dictum nec rutrum at, convallis imperdiet nisl. Fusce molestie magna leo, vitae luctus metus porta quis. Sed elementum euismod urna et aliquam. Etiam volutpat sapien non augue egestas, nec dictum lorem semper. Fusce sed vestibulum dolor. Ut id faucibus odio, at scelerisque sapien. Cras accumsan massa tristique ligula feugiat efficitur. Donec cursus justo eget justo maximus, quis accumsan sem vulputate. Ut placerat quis arcu vehicula maximus. Morbi eu velit quis urna varius pellentesque sed ut erat.", "content": "<h3>Restore Permanently Deleted Files</h3>\r\n\r\n<p>If you fail to restore a deleted file within the 30-day window, or if you have emptied the trash manually, the files will be permanently deleted from your Google Drive.</p>\r\n\r\n<p>You can however contact Google Support and they may restore the deleted files for you.</p>\r\n\r\n<ol>\r\n\t<li>\r\n\t<p>Go to&nbsp;<a href=\"https://support.google.com/drive?p=file_recovery\" rel=\"nofollow noopener noreferrer\" target=\"_blank\">support.google.com/drive?p=file_recovery</a>&nbsp;and sign-in with the Google account you used to delete the file.</p>\r\n\t</li>\r\n\t<li>\r\n\t<p>Provide your first name, last name, and check the consent box to confirm that you are trying to recover files you deleted from Google Drive.</p>\r\n\t</li>\r\n</ol>\r\n\r\n<p><a href=\"https://www.labnol.org/static/6792bccb9891ac917a24bd8a3243144b/e00c5/132816.png\" rel=\"noopener\" target=\"_blank\"><img alt=\"Request Undelete Files\" src=\"https://www.labnol.org/static/6792bccb9891ac917a24bd8a3243144b/e00c5/132816.png\" title=\"Request Undelete Files\" /></a></p>\r\n\r\n<p>You&rsquo;ll receive an email from&nbsp;<code>drive-noreply@google.com</code>&nbsp;confirming that your request has been received and that it may take up to 48 hours for the files to be restored. (It usually takes less than 12 hours.)</p>\r\n\r\n<p>Google recommends that you avoid emptying your trash while the file recovery process is ongoing. Also, please note that files that you have yourself uploaded to Google Drive may be recovered in this process. If you are not the owner of a file, it cannot be restored through this process.</p>\r\n\r\n<p>Once the restoration process is complete, Google Support will send you another email confirming that the files have been restored. You can now open your Google Drive and the permanently deleted files and folders will be visible in their original location.</p>", "is_featured": false, "is_published": true}}, {"model": "blogs.blog", "pk": "3f3f518b-eff7-4949-a5cf-5660ec477c0b", "fields": {"title": "Make your kids enjoy learning", "author": 2, "photo": "images/Blog/bad-weather-activities-for-kids-1617854615.webp", "published_date": "2022-04-23", "published_time": "17:25:58", "summary": "Lorem ipsum dolor sit amet, consectetur adipiscing elit. Etiam ut imperdiet nisl. Morbi urna felis, dictum nec rutrum at, convallis imperdiet nisl. Fusce molestie magna leo, vitae luctus metus porta quis. Sed elementum euismod urna et aliquam. Etiam volutpat sapien non augue egestas, nec dictum lorem semper. Fusce sed vestibulum dolor. Ut id faucibus odio, at scelerisque sapien. Cras accumsan massa tristique ligula feugiat efficitur. Donec cursus justo eget justo maximus, quis accumsan sem vulputate. Ut placerat quis arcu vehicula maximus. Morbi eu velit quis urna varius pellentesque sed ut erat.", "content": "<h3>Restore Permanently Deleted Files</h3>\r\n\r\n<p>If you fail to restore a deleted file within the 30-day window, or if you have emptied the trash manually, the files will be permanently deleted from your Google Drive.</p>\r\n\r\n<p>You can however contact Google Support and they may restore the deleted files for you.</p>\r\n\r\n<ol>\r\n\t<li>\r\n\t<p>Go to&nbsp;<a href=\"https://support.google.com/drive?p=file_recovery\" rel=\"nofollow noopener noreferrer\" target=\"_blank\">support.google.com/drive?p=file_recovery</a>&nbsp;and sign-in with the Google account you used to delete the file.</p>\r\n\t</li>\r\n\t<li>\r\n\t<p>Provide your first name, last name, and check the consent box to confirm that you are trying to recover files you deleted from Google Drive.</p>\r\n\t</li>\r\n</ol>\r\n\r\n<p><a href=\"https://www.labnol.org/static/6792bccb9891ac917a24bd8a3243144b/e00c5/132816.png\" rel=\"noopener\" target=\"_blank\"><img alt=\"Request Undelete Files\" src=\"https://www.labnol.org/static/6792bccb9891ac917a24bd8a3243144b/e00c5/132816.png\" title=\"Request Undelete Files\" /></a></p>\r\n\r\n<p>You&rsquo;ll receive an email from&nbsp;<code>drive-noreply@google.com</code>&nbsp;confirming that your request has been received and that it may take up to 48 hours for the files to be restored. (It usually takes less than 12 hours.)</p>\r\n\r\n<p>Google recommends that you avoid emptying your trash while the file recovery process is ongoing. Also, please note that files that you have yourself uploaded to Google Drive may be recovered in this process. If you are not the owner of a file, it cannot be restored through this process.</p>\r\n\r\n<p>Once the restoration process is complete, Google Support will send you another email confirming that the files have been restored. You can now open your Google Drive and the permanently deleted files and folders will be visible in their original location.</p>", "is_featured": false, "is_published": true}}, {"model": "blogs.blog", "pk": "90adcc2a-a16b-4418-b52d-c6bf860264cd", "fields": {"title": "Make your kids enjoy learning", "author": 2, "photo": "images/Blog/519687595-H.jpg", "published_date": "2022-04-23", "published_time": "17:25:58", "summary": "Lorem ipsum dolor sit amet, consectetur adipiscing elit. Etiam ut imperdiet nisl. Morbi urna felis, dictum nec rutrum at, convallis imperdiet nisl. Fusce molestie magna leo, vitae luctus metus porta quis. Sed elementum euismod urna et aliquam. Etiam volutpat sapien non augue egestas, nec dictum lorem semper. Fusce sed vestibulum dolor. Ut id faucibus odio, at scelerisque sapien. Cras accumsan massa tristique ligula feugiat efficitur. Donec cursus justo eget justo maximus, quis accumsan sem vulputate. Ut placerat quis arcu vehicula maximus. Morbi eu velit quis urna varius pellentesque sed ut erat.", "content": "<h3>Restore Permanently Deleted Files</h3>\r\n\r\n<p>If you fail to restore a deleted file within the 30-day window, or if you have emptied the trash manually, the files will be permanently deleted from your Google Drive.</p>\r\n\r\n<p>You can however contact Google Support and they may restore the deleted files for you.</p>\r\n\r\n<ol>\r\n\t<li>\r\n\t<p>Go to&nbsp;<a href=\"https://support.google.com/drive?p=file_recovery\" rel=\"nofollow noopener noreferrer\" target=\"_blank\">support.google.com/drive?p=file_recovery</a>&nbsp;and sign-in with the Google account you used to delete the file.</p>\r\n\t</li>\r\n\t<li>\r\n\t<p>Provide your first name, last name, and check the consent box to confirm that you are trying to recover files you deleted from Google Drive.</p>\r\n\t</li>\r\n</ol>\r\n\r\n<p><a href=\"https://www.labnol.org/static/6792bccb9891ac917a24bd8a3243144b/e00c5/132816.png\" rel=\"noopener\" target=\"_blank\"><img alt=\"Request Undelete Files\" src=\"https://www.labnol.org/static/6792bccb9891ac917a24bd8a3243144b/e00c5/132816.png\" title=\"Request Undelete Files\" /></a></p>\r\n\r\n<p>You&rsquo;ll receive an email from&nbsp;<code>drive-noreply@google.com</code>&nbsp;confirming that your request has been received and that it may take up to 48 hours for the files to be restored. (It usually takes less than 12 hours.)</p>\r\n\r\n<p>Google recommends that you avoid emptying your trash while the file recovery process is ongoing. Also, please note that files that you have yourself uploaded to Google Drive may be recovered in this process. If you are not the owner of a file, it cannot be restored through this process.</p>\r\n\r\n<p>Once the restoration process is complete, Google Support will send you another email confirming that the files have been restored. You can now open your Google Drive and the permanently deleted files and folders will be visible in their original location.</p>", "is_featured": true, "is_published": true}}, {"model": "blogs.blog", "pk": "a679eb6f-c3fa-439c-8f65-149d41a193fa", "fields": {"title": "Make your kids enjoy learning", "author": 2, "photo": "images/Blog/family-borad-games.jpg", "published_date": "2022-04-23", "published_time": "17:25:58", "summary": "Lorem ipsum dolor sit amet, consectetur adipiscing elit. Etiam ut imperdiet nisl. Morbi urna felis, dictum nec rutrum at, convallis imperdiet nisl. Fusce molestie magna leo, vitae luctus metus porta quis. Sed elementum euismod urna et aliquam. Etiam volutpat sapien non augue egestas, nec dictum lorem semper. Fusce sed vestibulum dolor. Ut id faucibus odio, at scelerisque sapien. Cras accumsan massa tristique ligula feugiat efficitur. Donec cursus justo eget justo maximus, quis accumsan sem vulputate. Ut placerat quis arcu vehicula maximus. Morbi eu velit quis urna varius pellentesque sed ut erat.", "content": "<h3>Restore Permanently Deleted Files</h3>\r\n\r\n<p>If you fail to restore a deleted file within the 30-day window, or if you have emptied the trash manually, the files will be permanently deleted from your Google Drive.</p>\r\n\r\n<p>You can however contact Google Support and they may restore the deleted files for you.</p>\r\n\r\n<ol>\r\n\t<li>\r\n\t<p>Go to&nbsp;<a href=\"https://support.google.com/drive?p=file_recovery\" rel=\"nofollow noopener noreferrer\" target=\"_blank\">support.google.com/drive?p=file_recovery</a>&nbsp;and sign-in with the Google account you used to delete the file.</p>\r\n\t</li>\r\n\t<li>\r\n\t<p>Provide your first name, last name, and check the consent box to confirm that you are trying to recover files you deleted from Google Drive.</p>\r\n\t</li>\r\n</ol>\r\n\r\n<p><a href=\"https://www.labnol.org/static/6792bccb9891ac917a24bd8a3243144b/e00c5/132816.png\" rel=\"noopener\" target=\"_blank\"><img alt=\"Request Undelete Files\" src=\"https://www.labnol.org/static/6792bccb9891ac917a24bd8a3243144b/e00c5/132816.png\" title=\"Request Undelete Files\" /></a></p>\r\n\r\n<p>You&rsquo;ll receive an email from&nbsp;<code>drive-noreply@google.com</code>&nbsp;confirming that your request has been received and that it may take up to 48 hours for the files to be restored. (It usually takes less than 12 hours.)</p>\r\n\r\n<p>Google recommends that you avoid emptying your trash while the file recovery process is ongoing. Also, please note that files that you have yourself uploaded to Google Drive may be recovered in this process. If you are not the owner of a file, it cannot be restored through this process.</p>\r\n\r\n<p>Once the restoration process is complete, Google Support will send you another email confirming that the files have been restored. You can now open your Google Drive and the permanently deleted files and folders will be visible in their original location.</p>", "is_featured": false, "is_published": true}}, {"model": "blogs.blog", "pk": "c0b30466-9535-4f42-82f2-f9a303a5bf5a", "fields": {"title": "Make your kids enjoy learning", "author": 2, "photo": "images/Blog/21EnjoyableIndoorGamesForKids.jpg", "published_date": "2022-04-23", "published_time": "17:25:58", "summary": "Lorem ipsum dolor sit amet, consectetur adipiscing elit. Etiam ut imperdiet nisl. Morbi urna felis, dictum nec rutrum at, convallis imperdiet nisl. Fusce molestie magna leo, vitae luctus metus porta quis. Sed elementum euismod urna et aliquam. Etiam volutpat sapien non augue egestas, nec dictum lorem semper. Fusce sed vestibulum dolor. Ut id faucibus odio, at scelerisque sapien. Cras accumsan massa tristique ligula feugiat efficitur. Donec cursus justo eget justo maximus, quis accumsan sem vulputate. Ut placerat quis arcu vehicula maximus. Morbi eu velit quis urna varius pellentesque sed ut erat.", "content": "<h3>Restore Permanently Deleted Files</h3>\r\n\r\n<p>If you fail to restore a deleted file within the 30-day window, or if you have emptied the trash manually, the files will be permanently deleted from your Google Drive.</p>\r\n\r\n<p>You can however contact Google Support and they may restore the deleted files for you.</p>\r\n\r\n<ol>\r\n\t<li>\r\n\t<p>Go to&nbsp;<a href=\"https://support.google.com/drive?p=file_recovery\" rel=\"nofollow noopener noreferrer\" target=\"_blank\">support.google.com/drive?p=file_recovery</a>&nbsp;and sign-in with the Google account you used to delete the file.</p>\r\n\t</li>\r\n\t<li>\r\n\t<p>Provide your first name, last name, and check the consent box to confirm that you are trying to recover files you deleted from Google Drive.</p>\r\n\t</li>\r\n</ol>\r\n\r\n<p><a href=\"https://www.labnol.org/static/6792bccb9891ac917a24bd8a3243144b/e00c5/132816.png\" rel=\"noopener\" target=\"_blank\"><img alt=\"Request Undelete Files\" src=\"https://www.labnol.org/static/6792bccb9891ac917a24bd8a3243144b/e00c5/132816.png\" title=\"Request Undelete Files\" /></a></p>\r\n\r\n<p>You&rsquo;ll receive an email from&nbsp;<code>drive-noreply@google.com</code>&nbsp;confirming that your request has been received and that it may take up to 48 hours for the files to be restored. (It usually takes less than 12 hours.)</p>\r\n\r\n<p>Google recommends that you avoid emptying your trash while the file recovery process is ongoing. Also, please note that files that you have yourself uploaded to Google Drive may be recovered in this process. If you are not the owner of a file, it cannot be restored through this process.</p>\r\n\r\n<p>Once the restoration process is complete, Google Support will send you another email confirming that the files have been restored. You can now open your Google Drive and the permanently deleted files and folders will be visible in their original location.</p>", "is_featured": false, "is_published": true}}, {"model": "blogs.blog", "pk": "c7b35531-ab3c-42e1-961c-db05757f5b05", "fields": {"title": "Make your kids enjoy learning", "author": 1, "photo": "images/Blog/10-Fascinating-Kids-Activity-Blogs-1.png", "published_date": "2022-04-23", "published_time": "17:25:58", "summary": "Lorem ipsum dolor sit amet, consectetur adipiscing elit. Etiam ut imperdiet nisl. Morbi urna felis, dictum nec rutrum at, convallis imperdiet nisl. Fusce molestie magna leo, vitae luctus metus porta quis. Sed elementum euismod urna et aliquam. Etiam volutpat sapien non augue egestas, nec dictum lorem semper. Fusce sed vestibulum dolor. Ut id faucibus odio, at scelerisque sapien. Cras accumsan massa tristique ligula feugiat efficitur. Donec cursus justo eget justo maximus, quis accumsan sem vulputate. Ut placerat quis arcu vehicula maximus. Morbi eu velit quis urna varius pellentesque sed ut erat.", "content": "<h3>Restore Permanently Deleted Files</h3>\r\n\r\n<p>If you fail to restore a deleted file within the 30-day window, or if you have emptied the trash manually, the files will be permanently deleted from your Google Drive.</p>\r\n\r\n<p>You can however contact Google Support and they may restore the deleted files for you.</p>\r\n\r\n<ol>\r\n\t<li>\r\n\t<p>Go to&nbsp;<a href=\"https://support.google.com/drive?p=file_recovery\" rel=\"nofollow noopener noreferrer\" target=\"_blank\">support.google.com/drive?p=file_recovery</a>&nbsp;and sign-in with the Google account you used to delete the file.</p>\r\n\t</li>\r\n\t<li>\r\n\t<p>Provide your first name, last name, and check the consent box to confirm that you are trying to recover files you deleted from Google Drive.</p>\r\n\t</li>\r\n</ol>\r\n\r\n<p><a href=\"https://www.labnol.org/static/6792bccb9891ac917a24bd8a3243144b/e00c5/132816.png\" rel=\"noopener\" target=\"_blank\"><img alt=\"Request Undelete Files\" src=\"https://www.labnol.org/static/6792bccb9891ac917a24bd8a3243144b/e00c5/132816.png\" title=\"Request Undelete Files\" /></a></p>\r\n\r\n<p>You&rsquo;ll receive an email from&nbsp;<code>drive-noreply@google.com</code>&nbsp;confirming that your request has been received and that it may take up to 48 hours for the files to be restored. (It usually takes less than 12 hours.)</p>\r\n\r\n<p>Google recommends that you avoid emptying your trash while the file recovery process is ongoing. Also, please note that files that you have yourself uploaded to Google Drive may be recovered in this process. If you are not the owner of a file, it cannot be restored through this process.</p>\r\n\r\n<p>Once the restoration process is complete, Google Support will send you another email confirming that the files have been restored. You can now open your Google Drive and the permanently deleted files and folders will be visible in their original location.</p>", "is_featured": false, "is_published": true}}, {"model": "products.category", "pk": 1, "fields": {"name": "Language Books"}}, {"model": "products.category", "pk": 2, "fields": {"name": "Non Academic Books"}}, {"model": "products.category", "pk": 3, "fields": {"name": "Academic Books"}}, {"model": "products.product", "pk": "06cd4bf0-f43a-42e6-a919-68de5aacf923", "fields": {"name": "Mathematics Textbook", "category": 3, "photo": "images/Products/Mockup_Maths.jpg", "rating": "4.8", "price": "149.00", "description": "The \"Mathematics Book\" is an educational resource designed for Montessori children. It is filled with a variety of activities and exercises that are specifically tailored to help young children develop essential math skills such as numbers recognition, counting, addition and subtraction. The book features hands-on exercises and interactive puzzles that are designed to be fun and engaging for children, while also helping them to learn important math concepts in a concrete way. Some of the activities included in the book are counting exercises, matching numbers and quantities, and simple problem-solving exercises. The book is suitable for children ages 3-6 and comes in a durable, easy-to-use format that is perfect for both at-home and classroom use. The book is aligned with the Montessori method of education and will be a great addition to any Montessori curriculum, it will help children to develop a strong foundation in math.", "is_hotproduct": false}}, {"model": "products.product", "pk": "358dc8c7-b85c-4c43-94ca-2ba0cfc50640", "fields": {"name": "Stories & Rhymes", "category": 2, "photo": "images/Products/Mockup_STories.jpg", "rating": "4.9", "price": "219.00", "description": "The \"Stories & Rhymes Book\" is a collection of engaging and age-appropriate stories and rhymes designed for Montessori children. It is filled with a variety of tales that are specifically tailored to help young children develop essential skills such as reading comprehension, imagination, and critical thinking. The book features a wide range of stories that include folktales, fairy tales, and classic children's stories. The stories are designed to be fun and engaging for children, while also helping them to learn important values such as kindness, honesty, and responsibility. The book is suitable for children ages 3-6 and comes in a durable, easy-to-use format that is perfect for both at-home and classroom use. The illustrations in the book will also help to hold children's attention and make reading even more fun. The stories will help children to develop a love for reading and imagination.", "is_hotproduct": true}}, {"model": "products.product", "pk": "3b5ac23f-c09d-4cb3-9fa0-38233726c963", "fields": {"name": "Malayalam Textbook", "category": 1, "photo": "images/Products/Mockup_Mal.jpg", "rating": "4.8", "price": "199.00", "description": "The \"Malayalam Textbook\" is a comprehensive educational resource for Montessori children learning the Malayalam language. It is designed to introduce young children to the Malayalam alphabet, vocabulary, and grammar in a fun and interactive way. The book features colorful illustrations and engaging exercises that are specifically tailored to help children develop their listening, speaking, reading, and writing skills in Malayalam. Some of the activities included in the book are matching exercises, fill-in-the-blank sentences, and simple stories to read and comprehend. The book is suitable for children ages 3-6 and comes in a durable, easy-to-use format that is perfect for both at-home and classroom use. The book is also aligned with the Montessori method of education and will be a great addition to any Montessori curriculum, it will help children to develop a strong foundation in Malayalam language.", "is_hotproduct": false}}, {"model": "products.product", "pk": "47747810-28d4-40c0-894c-b25aa1c69be2", "fields": {"name": "Environmental Studies", "category": 3, "photo": "images/Products/Mockup_EVS.jpg", "rating": "4.8", "price": "179.00", "description": "The \"Environmental Studies Textbook\" is a comprehensive educational resource for Montessori children learning about the environment. It is designed to introduce young children to the basics of environmental science, including concepts such as conservation, renewable energy, and recycling, in a fun and interactive way. The book features colorful illustrations and engaging exercises that are specifically tailored to help children develop their understanding of the natural world and their role in preserving it. Some of the activities included in the book are matching exercises, fill-in-the-blank sentences, and simple stories to read and comprehend. The book is suitable for children ages 3-6 and comes in a durable, easy-to-use format that is perfect for both at-home and classroom use. The book is also aligned with the Montessori method of education and will be a great addition to any Montessori curriculum and will inspire children to develop an appreciation for the environment.", "is_hotproduct": false}}, {"model": "products.product", "pk": "7549b6d3-bfa3-47fe-b304-f426d9296438", "fields": {"name": "Colouring Book", "category": 2, "photo": "images/Products/Mockup_Colouring.jpg", "rating": "4.9", "price": "149.00", "description": "The \"Colouring Book\" is a creative and educational resource designed for Montessori children. It is filled with a variety of detailed illustrations and patterns that are specifically tailored to help young children develop essential skills such as fine motor control, hand-eye coordination and concentration. The book features a wide range of illustrations that include animals, nature, shapes, patterns and more. The illustrations are designed to be fun and engaging for children, while also helping them to improve their coloring skills. The book also includes blank pages for children to create their own drawings. The book is suitable for children ages 3-6 and comes in a durable, easy-to-use format that is perfect for both at-home and classroom use.", "is_hotproduct": true}}, {"model": "products.product", "pk": "b49d6292-5671-4043-888d-09fe58555d9a", "fields": {"name": "English Textbook", "category": 1, "photo": "images/Products/Mockup_English.jpg", "rating": "4.9", "price": "199.00", "description": "The \"English Textbook\" is an essential educational resource for Montessori children learning the English language. It is designed to introduce young children to the basics of the English language, including the alphabet, vocabulary, and grammar, in a fun and interactive way. The book features colorful illustrations and engaging exercises that are specifically tailored to help children develop their listening, speaking, reading, and writing skills in English. Some of the activities included in the book are matching exercises, fill-in-the-blank sentences, and simple stories to read and comprehend. The book is suitable for children ages 3-6 and comes in a durable, easy-to-use format that is perfect for both at-home and classroom use. The book is also aligned with the Montessori method of education and will be a great addition to any Montessori curriculum.", "is_hotproduct": true}}, {"model": "products.product", "pk": "da6d7b10-b8ef-44c2-a10f-332dcf823a29", "fields": {"name": "Hindi Textbook", "category": 1, "photo": "images/Products/Mockup_Hindi.jpg", "rating": "4.8", "price": "199.00", "description": "The \"Hindi Textbook\" is a comprehensive educational resource for Montessori children learning the Hindi language. It is designed to introduce young children to the Hindi alphabet, vocabulary, and grammar in a fun and interactive way. The book features colorful illustrations and engaging exercises that are specifically tailored to help children develop their listening, speaking, reading, and writing skills in Hindi. Some of the activities included in the book are matching exercises, fill-in-the-blank sentences, and simple stories to read and comprehend. The book is suitable for children ages 3-6 and comes in a durable, easy-to-use format that is perfect for both at-home and classroom use. The book is also aligned with the Montessori method of education and will be a great addition to any Montessori curriculum.", "is_hotproduct": true}}, {"model": "products.product", "pk": "de47ae10-3a34-46b7-b352-2895e8972d0f", "fields": {"name": "Activity Book", "category": 2, "photo": "images/Products/Mockup_Activity.jpg", "rating": "4.9", "price": "149.00", "description": "The \"Activity Book\" is an educational resource designed for Montessori children. It is filled with a variety of activities that are specifically tailored to help young children develop essential skills such as fine motor control, problem-solving, and independent thinking. The book features hands-on exercises and interactive puzzles that are designed to be fun and engaging for children, while also helping them to learn important concepts. Some of the activities included in the book are mazes, matching exercises, and cut-and-paste projects. The book is suitable for children ages 3-6 and comes in a durable, easy-to-use format that is perfect for both at-home and classroom use.", "is_hotproduct": true}}, {"model": "products.offerproduct", "pk": "8efb5128-aea2-4d18-8039-96996aa31038", "fields": {"product": "b49d6292-5671-4043-888d-09fe58555d9a", "offer_price": "99.00", "offer_startdate": "2023-02-02", "offer_enddate": "2023-02-06"}}, {"model": "products.productenquiry", "pk": "0c6cfd79-ab61-4205-91dc-e3ccd01cef1b", "fields": {"name": "Tazeen", "email": "Shabba2020@gmail.com", "phone": "8606456652", "product": "b49d6292-5671-4043-888d-09fe58555d9a", "message": "How to get a copy???", "is_checked": false, "timestamp": "2023-02-03T02:29:28.938Z"}}, {"model": "products.productenquiry", "pk": "1b90e33a-5f79-4c53-83a3-705856ae2d03", "fields": {"name": "Lazin baraq", "email": "safwanishaf13@gmail.com", "phone": "7994727449", "product": "de47ae10-3a34-46b7-b352-2895e8972d0f", "message": "How to get this book?", "is_checked": false, "timestamp": "2025-01-04T09:57:00.008Z"}}, {"model": "products.productenquiry", "pk": "1c804532-7d56-4d85-8d99-ab3b9b84996b", "fields": {"name": "Aifa Mehwish", "email": "Junaismp2013@gmail.com", "phone": "9746577571", "product": "b49d6292-5671-4043-888d-09fe58555d9a", "message": "English Test Book Year 3 to 5", "is_checked": false, "timestamp": "2023-02-02T13:59:18.644Z"}}, {"model": "products.productenquiry", "pk": "36df8de4-9f7a-4480-a618-4fea89c109d0", "fields": {"name": "Ayra rafnas", "email": "noureen127@gmail.com", "phone": "8129605201", "product": "b49d6292-5671-4043-888d-09fe58555d9a", "message": "Helo", "is_checked": false, "timestamp": "2023-02-10T10:17:19.972Z"}}, {"model": "products.productenquiry", "pk": "3c71b1ff-e325-4db0-a89f-5171a7785dc5", "fields": {"name": "Yusuf", "email": "mayoob91@gmail.com", "phone": "9746488348", "product": "da6d7b10-b8ef-44c2-a10f-332dcf823a29", "message": "Can i know more about this textbook?", "is_checked": false, "timestamp": "2025-03-14T15:41:46.774Z"}}, {"model": "products.productenquiry", "pk": "6b2c848c-2d74-44ff-b6d2-fbee1a5e0b5d", "fields": {"name": "Ashwini Pramod", "email": "aishwaryakuruppath@gmail.com", "phone": "08943922755", "product": "da6d7b10-b8ef-44c2-a10f-332dcf823a29", "message": "How to order this", "is_checked": false, "timestamp": "2023-11-16T18:39:23.097Z"}}, {"model": "products.productenquiry", "pk": "882ce5a8-6b78-4dc9-955c-1fc91393481b", "fields": {"name": "dhruv", "email": "ammuabhi@gmail.com", "phone": "987654321", "product": "47747810-28d4-40c0-894c-b25aa1c69be2", "message": "fghgv", "is_checked": false, "timestamp": "2023-01-27T22:52:11.030Z"}}, {"model": "products.productenquiry", "pk": "885bed87-e9a6-4a9e-b77a-acf1d7d8fadf", "fields": {"name": "Aadhwick Mohan T R", "email": "rithulmohantr@gmail.com", "phone": "09895358091", "product": "da6d7b10-b8ef-44c2-a10f-332dcf823a29", "message": "I need this book to following address\nRithul Mohan T R Thundiparambil house Moothakunnam P O 683516. I can pay to ur number", "is_checked": false, "timestamp": "2024-12-21T05:16:31.934Z"}}, {"model": "products.productenquiry", "pk": "aaf556d7-d8a7-48a1-b216-878e01e9a7ec", "fields": {"name": "Ayra rafnas", "email": "noureen127@gmail.com", "phone": "8129605201", "product": "47747810-28d4-40c0-894c-b25aa1c69be2", "message": "Can I know how will this be delivered", "is_checked": false, "timestamp": "2023-02-10T10:19:26.031Z"}}, {"model": "products.productenquiry", "pk": "c4b0bf47-5b27-4270-8517-d74cbf1621ce", "fields": {"name": "Hayfa", "email": "Jumeera123@gmail.com", "phone": "8075597525", "product": "b49d6292-5671-4043-888d-09fe58555d9a", "message": "I want this text book with 50%discount", "is_checked": false, "timestamp": "2023-02-02T10:26:06.977Z"}}, {"model": "products.productenquiry", "pk": "c7e9219b-e010-4cc0-9867-0b27c83832df", "fields": {"name": "Vbj", "email": "Yhu@gmail.com", "phone": "9874563210", "product": "06cd4bf0-f43a-42e6-a919-68de5aacf923", "message": "Vhhjk", "is_checked": false, "timestamp": "2023-01-27T22:52:11.030Z"}}, {"model": "products.productenquiry", "pk": "d192df99-d279-4e2a-a82c-471b06c6df9c", "fields": {"name": "Mehvish zain", "email": "meerashaji559@gmail.com", "phone": "0571346461", "product": "de47ae10-3a34-46b7-b352-2895e8972d0f", "message": "Hello how can I purchase this book?", "is_checked": false, "timestamp": "2023-01-27T22:52:11.030Z"}}, {"model": "products.productenquiry", "pk": "dd087698-d36e-480e-8f0a-8bc53fe118ce", "fields": {"name": "Fathima Al Zahra", "email": "shamnasharif2017@gmail.com", "phone": "9400197190", "product": "b49d6292-5671-4043-888d-09fe58555d9a", "message": "I need this book for my daughter", "is_checked": false, "timestamp": "2023-11-26T07:50:11.787Z"}}, {"model": "products.productenquiry", "pk": "fef65411-12ef-4323-b988-0933c8178278", "fields": {"name": "Ryan Rashid", "email": "anisanu.anis@gmail.com", "phone": "8281444380", "product": "3b5ac23f-c09d-4cb3-9fa0-38233726c963", "message": "Want to buy.", "is_checked": false, "timestamp": "2023-02-02T10:17:43.564Z"}}, {"model": "products.productenquiry", "pk": "ff2feebd-d507-45fd-9793-3fce02ee0eb8", "fields": {"name": "Ryan Rashid", "email": "anisanu.anis@gmail.com", "phone": "8281444380", "product": "da6d7b10-b8ef-44c2-a10f-332dcf823a29", "message": "Want to buy", "is_checked": false, "timestamp": "2023-02-02T10:19:26.055Z"}}, {"model": "core.testimonial", "pk": "36afd2f3-4bb0-4ebf-9810-561ea2a3f4f9", "fields": {"photo": "images/Testimonials/WhatsApp_Image_2022-07-08_at_4.52.05_PM_zgpBlxT.jpeg", "name": "Nibin Stephy", "description": "Little Genie has created wonders in my child's academics. She is a vibrant girl now. Though the class is in Online mode, the tutor is very supportive and she really enjoys her class with her. She now can read and write very well.\r\nThank you so much Interval"}}, {"model": "core.testimonial", "pk": "953301ad-9eab-4683-a2a3-4a5ee81bd636", "fields": {"photo": "images/Testimonials/WhatsApp_Image_2022-06-20_at_4.36.16_PM.jpeg", "name": "Reshma", "description": "My daughter Aswathi wasn't so much enthusiastic about her studies until we make her join Little Genie. We are so happy and proud to say that she is now so curious to learn even little things. All this was made possible by Little Genie. Thank you Interval for offering the course LITTLE GENIE. We are the happiest parents now"}}, {"model": "core.testimonial", "pk": "a5e0ac3d-cf1d-48f1-a415-d64f1faddd76", "fields": {"photo": "images/Testimonials/WhatsApp_Image_2022-06-20_at_4.36.31_PM.jpeg", "name": "Azim", "description": "our boy was such a boy who needed our attention all the time. It was so hard for us to be available all the time. Thanks to the tutor Aysha at Little Genie. She is more like a friend to him. He enjoys her class very much now. We don't even need to sit beside him now. Thanks to Team Interval for making us less concerned about our kid's studies."}}, {"model": "core.about", "pk": "53bae6a6-5021-46af-b666-98430e4878a9", "fields": {"title": "About", "description": "<p style=\"text-align: justify;\">In this highly competitive world, where some students require Individual Care and attention in order to be nurtured into a valuable member of the community. We, as a team, recognize that there are differences in learning speed among students which have no place in a classroom setting. Team <span style=\"text-decoration: underline;\"><a href=\"https://teaminterval.in/\" target=\"_blank\" rel=\"noopener\"><strong>INTERVAL</strong></a></span> provides personalized online and home tuition for K-12 students with one-to-one individual care and attention towards the progress of students and molds them to develop their imaginative and innovative skills.</p>\r\n<p style=\"text-align: justify;\"><span style=\"text-decoration: underline;\"><strong><a href=\"https://teaminterval.in/\" target=\"_blank\" rel=\"noopener\">INTERVAL</a></strong></span> was incorporated in 2021 as Sanco India Edu Solutions Pvt Ltd. This is an institution that focuses on the development and all-around progress of the Individual, at <a href=\"https://teaminterval.in/\" target=\"_blank\" rel=\"noopener\"><strong>INTERVAL</strong></a> we believe in guiding individuals who lack the basic reading and writing skills and also those who require personal assistance to be more competitive. Our syllabus is designed according to the needs and the capabilities of each individual that we help, in their journey towards educational excellence. Our custom-made syllabuses are crafted after thorough research in the fields of pedagogy, and psychology. our classes are conducted by experienced trainers with diverse backgrounds. Trainers undergo constant knowledge enrichment programs at a regular interval in order to include the latest developments</p>", "phone_number": "9074930453", "phone_number2": "9074930453", "email": "littlegenie@gmail.com", "address": "Sanco India Edu Solutions Pvt Ltd, Building No AP 9/535, Arakkal Complex, Puthalam, Areekode PO, Malappuram, Kerala, 673639", "little_genie_title": "What is Little Genie", "little_genie_description": "<p style=\"text-align: justify;\">This is a one-year online kindergarten program carefully researched and put together to bring out the best in our children. This curriculum is flexible and personalised which takes into account the heterogeneity of the learner and learning styles. Our interest is in nurturing linguistic and logical reasoning ability through adopting an innovative method to stimulate interest and attention in the child.</p>"}}, {"model": "core.gallery", "pk": "65b9742f-903f-44f8-b0ac-c94da30d88b2", "fields": {"title": "But not like last one", "image": "images/Gallery/G2.jpg"}}, {"model": "core.gallery", "pk": "7f610e45-ae21-4b92-bca4-05c9eff08be2", "fields": {"title": "Some another view", "image": "images/Gallery/G1.jpg"}}, {"model": "core.gallery", "pk": "9ad504c2-4700-4c13-92b5-50679bd0da35", "fields": {"title": "Like the first one", "image": "images/Gallery/G3.jpg"}}, {"model": "core.contact", "pk": "00379a5a-3cbb-4c19-9c90-5ca5ce8ef8b2", "fields": {"child_name": "Sanan Maahir", "email": "Mohamed.azarudheen@gmail.com", "phone": "9790944136", "message": "Hi,\nIs there any online class available?", "is_checked": false, "timestamp": "2024-02-04T05:19:12.686Z"}}, {"model": "core.contact", "pk": "00be6a4c-cdcd-45a1-abff-c9e73ff6e5de", "fields": {"child_name": "Pahal rajeevan", "email": "rajeevanreshma10@gmail.com", "phone": "08289907745", "message": "Hai\npahal rajeevan mom\nPahal age 3age 4month", "is_checked": false, "timestamp": "2024-01-23T13:00:18.112Z"}}, {"model": "core.contact", "pk": "0240c5e6-867c-487e-aa4d-efed0d47a55e", "fields": {"child_name": "Ayra fathima", "email": "hameedao2014@gmail.com", "phone": "7994287071", "message": "Enquiry for tution", "is_checked": false, "timestamp": "2024-07-26T01:02:23.887Z"}}, {"model": "core.contact", "pk": "02f6708d-3e11-4336-913b-bd1114694832", "fields": {"child_name": "Avni Nair", "email": "immuremya2010@gmail.com", "phone": "9619850511", "message": "Hi, my kid is 3. Would like to know more about this course. Our main focus is to help her speak english. Are you guys covering that in this course or do you have any other options? \nCould you please whatsapp us the details including the fees. Do you adjust the time and give lessons?.\nThanks.", "is_checked": false, "timestamp": "2023-08-03T23:27:57.686Z"}}, {"model": "core.contact", "pk": "031a58a6-14da-4e8d-8ed3-5ca1c5773f16", "fields": {"child_name": "Nidhika", "email": "sangeethavvijayan@gmail.com", "phone": "9447985419", "message": "I would like to know more about little genie.\nMainly about way of teaching. timing, course charges etc", "is_checked": false, "timestamp": "2025-01-17T08:54:56.484Z"}}, {"model": "core.contact", "pk": "03687b2b-b27a-4b81-86da-554cce91532f", "fields": {"child_name": "Manav Manjesh", "email": "manjeshmohan@live.com", "phone": "09846565135", "message": "I hope this message finds you well. I am writing to express my interest in enrolling my son, Manav Manjesh, in Littlegenie. As a concerned parent, I am always looking for opportunities to support my son's education and provide him with the best possible learning experiences.", "is_checked": false, "timestamp": "2023-11-06T07:38:03.831Z"}}, {"model": "core.contact", "pk": "03845b52-39be-49f4-be63-be9f2eafd4ca", "fields": {"child_name": "Insha mehar", "email": "noushadkurikkalit@gmail.com", "phone": "9447358683", "message": "I need to study my child online", "is_checked": false, "timestamp": "2023-06-05T13:21:27.179Z"}}, {"model": "core.contact", "pk": "0411f3aa-86c4-4449-a632-571acc2c9511", "fields": {"child_name": "George Ouseph", "email": "sicilyg@gmail.com", "phone": "9846260409", "message": "Do you take for special kids, 13 years old. Interested in 1:1 coaching.", "is_checked": false, "timestamp": "2023-06-23T10:15:15.416Z"}}, {"model": "core.contact", "pk": "04827246-77bd-41db-a104-82bd832df7ff", "fields": {"child_name": "Shivaan", "email": "mia.berrick@gmail.com", "phone": "0504522783", "message": "Hello team,\n\nIam, Rishma,  mother of shivaan. We are in Australia.  \n\nI would like to enquire about the course that you offer for a 5yrs old child weekly 2-3days if possible. \nIam looking for basic intro into reading & writing English along with a little bit of basic maths for the age. \nKindly let me know what is the charge, possible class timing and other requirements for the same.\nPlease get back to me via email at the earliest.\n\nRegards", "is_checked": false, "timestamp": "2023-02-12T07:12:45.348Z"}}, {"model": "core.contact", "pk": "05a31f0b-ffa9-43a7-bee1-50d00c307e0a", "fields": {"child_name": "Anamika", "email": "manikyan73@gmail.com", "phone": "8137093657", "message": "Hi,", "is_checked": false, "timestamp": "2023-06-09T05:51:03.641Z"}}, {"model": "core.contact", "pk": "0643bca4-757d-4c46-b053-88723d3920a3", "fields": {"child_name": "Dhyan A S", "email": "sujaya.k11@gmail.com", "phone": "9108369885", "message": "My son is in KG1. What is the fee structure for this course", "is_checked": false, "timestamp": "2023-12-24T17:18:40.523Z"}}, {"model": "core.contact", "pk": "072ad64f-727e-443b-a622-f11ee48c65a5", "fields": {"child_name": "Mohamed Sheraz", "email": "shereef.pmna@gmail.com", "phone": "956278496", "message": "Interested", "is_checked": false, "timestamp": "2022-09-16T10:23:29.173Z"}}, {"model": "core.contact", "pk": "08cdbd29-d832-497d-85f5-f4dc6ffacfa3", "fields": {"child_name": "Atharv G", "email": "aswathyp363@gmail.com", "phone": "9744914724", "message": "Plz provide demo class on sunday", "is_checked": false, "timestamp": "2024-05-21T06:27:42.213Z"}}, {"model": "core.contact", "pk": "0957313f-c9b3-439c-b4d5-095eae302151", "fields": {"child_name": "Naithik M krishna", "email": "pp.keerthana@gmail.com", "phone": "9562219579", "message": "Naithik(Nachu) is 3 years and 5 months old.can u get me details of course available for him.", "is_checked": false, "timestamp": "2023-11-03T14:59:47.870Z"}}, {"model": "core.contact", "pk": "0961fa15-7da0-4108-8e70-13da48e0933f", "fields": {"child_name": "Theertha C", "email": "nikhilajoshi@gmail.com", "phone": "7306396495", "message": "1 st std", "is_checked": false, "timestamp": "2023-06-06T04:19:40.674Z"}}, {"model": "core.contact", "pk": "0af266ee-d4d1-4bfe-8b21-1188315b826a", "fields": {"child_name": "Zera Mariyam Emil", "email": "emilabrm@gmail.com", "phone": "97466232074", "message": "Hi , I would like to know more about KG Class", "is_checked": false, "timestamp": "2024-02-23T14:23:32.116Z"}}, {"model": "core.contact", "pk": "0b2e5444-050d-4b5d-9f94-34275304cfff", "fields": {"child_name": "Neethu", "email": "infoneethu89@gmail.com", "phone": "98785367", "message": "Hi,\n I am staying in Singapore and I would like to enrol my 5 year old son to Interval. Would like to enquire about the classes for UKG.", "is_checked": false, "timestamp": "2022-11-07T05:36:22.507Z"}}, {"model": "core.contact", "pk": "0b5d1930-dbc3-49e3-8e2c-00ed7b65b37b", "fields": {"child_name": "Riddhi", "email": "jyorkrishnan@gmail.com", "phone": "7708178062", "message": "Want to improve my 4 year old daughter's communication skills", "is_checked": false, "timestamp": "2023-03-06T13:07:19.449Z"}}, {"model": "core.contact", "pk": "0bb63e16-04ac-4e2d-b5c4-9b515ed62e89", "fields": {"child_name": "Amika Jinosh", "email": "soorya033@gmail.com", "phone": "9539044908", "message": "I want to improve my daughter's knowledge", "is_checked": false, "timestamp": "2023-06-13T09:11:33.213Z"}}, {"model": "core.contact", "pk": "0be9e9c1-b49e-4089-b6ef-8bec6ab86706", "fields": {"child_name": "Jihaan c jishnhu", "email": "chaithanyaunni22@gmail.com", "phone": "7902904358", "message": "I qant", "is_checked": false, "timestamp": "2024-08-07T13:43:13.752Z"}}, {"model": "core.contact", "pk": "0c56b439-1526-4895-a587-2c13c896db97", "fields": {"child_name": "Zubia ireen", "email": "ashfaqamerica@gmail.com", "phone": "07013221677", "message": "What kind of course you have", "is_checked": false, "timestamp": "2023-07-27T19:00:21.897Z"}}, {"model": "core.contact", "pk": "0c8dad31-f517-4f8f-890a-a99321bdf29c", "fields": {"child_name": "Zayan", "email": "Fathimathulthasniya2010@gmail.com", "phone": "9895406820", "message": "Heloo", "is_checked": false, "timestamp": "2023-06-03T08:04:18.733Z"}}, {"model": "core.contact", "pk": "0e99fa79-4b51-4fad-9ff7-b77b6972bdc5", "fields": {"child_name": "Rizwamehrin", "email": "raihanathkp418@gmail.com", "phone": "7907081086", "message": "My child 3years ayittollu", "is_checked": false, "timestamp": "2023-06-15T04:39:46.718Z"}}, {"model": "core.contact", "pk": "0f3784e4-9498-4a27-adbe-38208187fec1", "fields": {"child_name": "Advaith Aravind", "email": "maniiashok@gmail.com", "phone": "7760249957", "message": "Demo", "is_checked": false, "timestamp": "2025-01-30T13:28:25.846Z"}}, {"model": "core.contact", "pk": "0f82b8dd-d52d-4a93-91a5-1b64fcca3ca9", "fields": {"child_name": "Deborah S Sijo", "email": "deborahsijo5@gmail.com", "phone": "8075862620", "message": "Currently in UKG,6years old", "is_checked": false, "timestamp": "2023-09-14T05:59:01.513Z"}}, {"model": "core.contact", "pk": "0fb7a1ad-76d3-4441-8f64-72876b17bf4d", "fields": {"child_name": "Zayan", "email": "Fathimathulthasniya2010@gmail.com", "phone": "9895406820", "message": "Hello", "is_checked": false, "timestamp": "2023-06-03T08:07:51.328Z"}}, {"model": "core.contact", "pk": "10934aeb-4817-4e03-a15d-760955fff0de", "fields": {"child_name": "Joe Joseph Jimmy", "email": "jeevaj20@gmail.com", "phone": "9946855560", "message": "Intrested", "is_checked": false, "timestamp": "2022-07-18T07:34:05.284Z"}}, {"model": "core.contact", "pk": "109fa491-221d-4bd3-bf6f-7932d4e092b0", "fields": {"child_name": "Ziya Zainab", "email": "aysharabeeh123@gmail.com", "phone": "8592964717", "message": "May I know more about this course.... Course period , fee structure etc", "is_checked": false, "timestamp": "2023-06-14T11:52:49.944Z"}}, {"model": "core.contact", "pk": "10b443bc-27e7-430e-b415-a0e9897539b1", "fields": {"child_name": "Adheela", "email": "cholayilsameera74@gmail.com", "phone": "7510472104", "message": "I need to know full details of this course\nMy child is 3 years old", "is_checked": false, "timestamp": "2023-07-16T05:37:03.597Z"}}, {"model": "core.contact", "pk": "118a16da-8fa1-4d35-b697-1efe819aa539", "fields": {"child_name": "Ayana", "email": "faizapcp96@gmail.com", "phone": "9207343916", "message": "Details please", "is_checked": false, "timestamp": "2022-10-07T04:59:29.828Z"}}, {"model": "core.contact", "pk": "11bc128c-5edc-419c-99fd-1ddff85553a2", "fields": {"child_name": "Rayna elsa robin", "email": "delta.david12345@gmail.com", "phone": "07425698277", "message": "Hi I would like to request class for my daughter. How do I apply. Thank you", "is_checked": false, "timestamp": "2023-04-03T19:31:45.795Z"}}, {"model": "core.contact", "pk": "11d44841-ec0b-464f-bfde-6282cf13b0cc", "fields": {"child_name": "Ahmed zameel", "email": "arshasofi123@gmail.com", "phone": "9400745308", "message": "Kindly give the fee details", "is_checked": false, "timestamp": "2024-03-27T04:51:57.140Z"}}, {"model": "core.contact", "pk": "12730ecc-d7f9-4951-b644-aabf3e8e1222", "fields": {"child_name": "Rasool Malik", "email": "Neshwameer96@gmail.com", "phone": "7561093667", "message": "We are based in Qatar.\nMy Son Rasool is 3 years and 6 months old. He had never been to any play school or pre kgs. So I would like to get him introduced to the world of knowledge in a fun way.", "is_checked": false, "timestamp": "2023-10-22T07:50:32.449Z"}}, {"model": "core.contact", "pk": "1278c8d2-78dd-4d40-b727-cc90038dd9f3", "fields": {"child_name": "Izaan Muhammed Ak", "email": "muhsiizaanu701@gmail.com", "phone": "8137809709", "message": "Let me know me the details", "is_checked": false, "timestamp": "2023-11-28T17:09:14.288Z"}}, {"model": "core.contact", "pk": "12bf3e0e-b36e-4f4d-9061-1e2b557b8669", "fields": {"child_name": "Naira Daneen", "email": "raishaparveen93@gmail.com", "phone": "77818916", "message": "Little genie course enquiry", "is_checked": false, "timestamp": "2024-02-17T13:13:16.420Z"}}, {"model": "core.contact", "pk": "14bba6bd-8c8b-44af-89f9-bcbb559cb27b", "fields": {"child_name": "Adhidev N Ratheesh", "email": "jan.neethu9@gmail.com", "phone": "8893012334", "message": "Heard lots of good reviews about team interval. i am here for my 5 year old boy for improving his skills and language.", "is_checked": false, "timestamp": "2022-11-17T08:32:11.345Z"}}, {"model": "core.contact", "pk": "1546c439-5b5a-4a76-b0b4-b0512fabbcb4", "fields": {"child_name": "Ayisha Anjoom", "email": "sameenamk123@gmail.com", "phone": "9946986046", "message": "I’m Sameena.Mother of Ayisha Anjoom.she has three and half age.I’m interested in little genie education.so what is the fees for that course?", "is_checked": false, "timestamp": "2023-05-11T06:12:45.776Z"}}, {"model": "core.contact", "pk": "157c60ba-8f21-43f3-8a32-1dcce1dae145", "fields": {"child_name": "Rihaan  Jithin", "email": "dona_kochu@yahoo.co.in", "phone": "0403580630", "message": "Do you take class for kids  from  Australia??", "is_checked": false, "timestamp": "2023-06-02T23:08:12.754Z"}}, {"model": "core.contact", "pk": "15a704b8-39dc-4b41-8365-e0ab8fc0de6e", "fields": {"child_name": "Farhana Farhana", "email": "fathimathulfarhana16@gmail.com", "phone": "7907851820", "message": "I want to this online class", "is_checked": false, "timestamp": "2023-02-19T11:49:23.544Z"}}, {"model": "core.contact", "pk": "15fd0ccf-2d54-49de-8d97-b1a8c6e1122a", "fields": {"child_name": "Ivaana Choyan", "email": "hridyachoyan1@gmail.com", "phone": "6282190260", "message": "Hey, my girl is 3.2 and I’m looking forward to know more about the team and the course structure.\n\nThanks and Regards,", "is_checked": false, "timestamp": "2023-08-20T19:17:30.451Z"}}, {"model": "core.contact", "pk": "162c9d76-c028-49df-8c83-650022aaa78f", "fields": {"child_name": "Haniya", "email": "riswanakv000@gmail.com", "phone": "8891393357", "message": "Hi,z", "is_checked": false, "timestamp": "2023-06-13T14:20:41.863Z"}}, {"model": "core.contact", "pk": "168c19f5-9cfa-45cd-9386-b72035880a6e", "fields": {"child_name": "Roshmy Ann Mathew", "email": "roshmyvipi20@gmail.com", "phone": "6282714395", "message": "Iam interested", "is_checked": false, "timestamp": "2023-06-14T01:49:27.179Z"}}, {"model": "core.contact", "pk": "17f3fe00-3eb8-427b-abbc-74c893629d47", "fields": {"child_name": "Amani Hawwa", "email": "afrafayask@gmail.com", "phone": "7902613259", "message": "I want to know about you through a class", "is_checked": false, "timestamp": "2024-07-22T10:33:39.875Z"}}, {"model": "core.contact", "pk": "17feab6b-36f2-40b2-96d5-e7c0509aa302", "fields": {"child_name": "sdf", "email": "a@gamilc.om", "phone": "12346578", "message": "Message", "is_checked": false, "timestamp": "2022-06-14T08:35:49.504Z"}}, {"model": "core.contact", "pk": "1884295c-8b7d-4888-a0fe-939fecf5372b", "fields": {"child_name": "Aadam Abdullah", "email": "farisaap@gmail.com", "phone": "0503621294", "message": "Little ginie", "is_checked": false, "timestamp": "2024-06-06T16:21:24.047Z"}}, {"model": "core.contact", "pk": "1d4a1c3c-202e-4835-a65f-f8394bf7fda3", "fields": {"child_name": "Lazin baraq", "email": "safwanishaf13@gmail.com", "phone": "7994727449", "message": "Hi, I would like to know more about little genie", "is_checked": false, "timestamp": "2025-01-04T09:54:18.771Z"}}, {"model": "core.contact", "pk": "1ed11736-3042-4a1c-8fef-a3b00b7b6018", "fields": {"child_name": "Nivedya", "email": "deepagnair54@gmail.com", "phone": "7025604880", "message": "Hi team intervel, my daughter Nivedya  she is 4 year old. Which is the Best course for 4 yr old.", "is_checked": false, "timestamp": "2024-02-03T04:15:11.088Z"}}, {"model": "core.contact", "pk": "1f25fe80-ee2a-49eb-b963-a020bb7b5120", "fields": {"child_name": "Suparna Sudeep K", "email": "sreedevi2211@gmail.com", "phone": "14847643657", "message": "i wish to register for your little genie program", "is_checked": false, "timestamp": "2023-01-17T18:54:10.472Z"}}, {"model": "core.contact", "pk": "20b7100c-b8de-40ef-b67e-7a6148f92cf8", "fields": {"child_name": "Aarav", "email": "roshnir1230@gmail.com", "phone": "93612211927", "message": "Hi", "is_checked": false, "timestamp": "2024-06-24T04:26:11.372Z"}}, {"model": "core.contact", "pk": "21a2c888-4148-4a7e-b93b-ec36177fb2e2", "fields": {"child_name": "Ayaan", "email": "lidhinajithin007as@gmail.com", "phone": "7591985529", "message": "Free class", "is_checked": false, "timestamp": "2024-02-21T07:58:10.234Z"}}, {"model": "core.contact", "pk": "2280514c-2b05-4ac7-a227-c7f48dfcab80", "fields": {"child_name": "Sunaina", "email": "shuhaibagkkdv@gmail.com", "phone": "7025797970", "message": "Little ginie", "is_checked": false, "timestamp": "2023-05-29T00:20:03.498Z"}}, {"model": "core.contact", "pk": "237902a0-dc11-4257-b4a3-83776ec04347", "fields": {"child_name": "Ayisha", "email": "muhammedrahid@gmail.com", "phone": "9645366150", "message": "Demo class please", "is_checked": false, "timestamp": "2023-06-09T16:55:04.933Z"}}, {"model": "core.contact", "pk": "24c4e5ee-1573-4e88-b3c4-d9eb0d03f105", "fields": {"child_name": "Arif Vengara", "email": "arifvengara@gmail.com", "phone": "9746281717", "message": "Lkg", "is_checked": false, "timestamp": "2023-11-18T14:13:19.771Z"}}, {"model": "core.contact", "pk": "2557a850-ff85-4a68-9d7b-e529521dfb49", "fields": {"child_name": "Muhammad ahyan N. R", "email": "Mujeebarameesh@gmail.com", "phone": "92072272102", "message": "Hlo", "is_checked": false, "timestamp": "2023-06-05T10:39:26.711Z"}}, {"model": "core.contact", "pk": "25d2d617-b086-479f-9c73-0fffa13f8ebd", "fields": {"child_name": "as", "email": "atif_hossain@live.com", "phone": "8481912029", "message": "as", "is_checked": false, "timestamp": "2022-04-27T06:02:35.452Z"}}, {"model": "core.contact", "pk": "27c0d50b-c1e7-4891-8c27-310b1ebc66a8", "fields": {"child_name": "Nathan V Tharakam", "email": "merinabrahamhere@gmail.com", "phone": "09630194375", "message": "Interested in little genie", "is_checked": false, "timestamp": "2024-03-25T12:23:29.210Z"}}, {"model": "core.contact", "pk": "28918110-c13d-419e-83ef-6012fe26a41a", "fields": {"child_name": "Sreehari sajith", "email": "sunusunuallu@gmail.com", "phone": "9207544143", "message": "I want see, how to teach a kid", "is_checked": false, "timestamp": "2023-06-15T05:00:10.404Z"}}, {"model": "core.contact", "pk": "289a6817-e3ff-472a-92e1-ed77d4f9db39", "fields": {"child_name": "Serah", "email": "jintajohns3@gmail.com", "phone": "0522181673", "message": "I want enquirer about little genie course for my 5 yr child", "is_checked": false, "timestamp": "2025-01-22T04:43:14.690Z"}}, {"model": "core.contact", "pk": "291f65cb-5169-4999-b3ad-0d0448481bc4", "fields": {"child_name": "Hudaifa", "email": "husnashireenk3@gmail.com", "phone": "6238489424", "message": "Could you please provide me with your syllabus and mode of teaching", "is_checked": false, "timestamp": "2024-12-15T05:47:39.222Z"}}, {"model": "core.contact", "pk": "2ab3e987-37de-43e8-b83b-5abbe354e2ec", "fields": {"child_name": "Adam", "email": "mubamchali@gmail.com", "phone": "07356274122", "message": "Free demo class request", "is_checked": false, "timestamp": "2024-07-12T15:01:54.514Z"}}, {"model": "core.contact", "pk": "2b77b9f6-822d-4335-b3df-a9ce114f1828", "fields": {"child_name": "Izin Hadhi", "email": "hasiba.096@gmail.com", "phone": "9535439651", "message": "Require classes for KG1", "is_checked": false, "timestamp": "2024-11-13T13:36:43.745Z"}}, {"model": "core.contact", "pk": "2bf6ff2b-2a40-4100-aeb7-dadb5d7cab22", "fields": {"child_name": "Fathima Azra", "email": "Fathimathsafapm@gmail.com", "phone": "8301004248", "message": "8301004248", "is_checked": false, "timestamp": "2023-06-21T14:03:43.821Z"}}, {"model": "core.contact", "pk": "2c3d377a-be58-4616-bb85-cffeaa522708", "fields": {"child_name": "Dhanya priyaraj", "email": "dhanyaashok004@gmail.com", "phone": "9207236362", "message": "Can I have a free class", "is_checked": false, "timestamp": "2023-10-10T04:10:27.847Z"}}, {"model": "core.contact", "pk": "2c5baa41-b1df-434d-a6b4-1b7114954084", "fields": {"child_name": "laiba shaheer", "email": "fayizashaheer@gmail.com", "phone": "97471133853", "message": "need class of 1st std", "is_checked": false, "timestamp": "2023-06-13T10:56:09.095Z"}}, {"model": "core.contact", "pk": "2f85302a-9281-48fb-8892-9c11681b92f8", "fields": {"child_name": "Ikshan S Nambiar", "email": "sudheerknambiar1988@gmail.com", "phone": "9497101505", "message": "I want to book a demo class and know more information about the course", "is_checked": false, "timestamp": "2023-11-26T09:34:07.881Z"}}, {"model": "core.contact", "pk": "2fc12e5b-a4d3-41c9-a051-2b13bf1920cd", "fields": {"child_name": "david alex ansan", "email": "sneha.koshy2142@gmail.com", "phone": "08587022465", "message": "Need a demo class", "is_checked": false, "timestamp": "2024-05-20T09:16:57.107Z"}}, {"model": "core.contact", "pk": "2feefe8c-c83d-499e-b8a6-6609684f935a", "fields": {"child_name": "Diwa meher tp", "email": "shiblatpeyr@gmail.com", "phone": "8086240383", "message": "6 year old", "is_checked": false, "timestamp": "2023-03-24T02:40:54.315Z"}}, {"model": "core.contact", "pk": "30af5673-ec98-44da-a792-feebbc5a5ded", "fields": {"child_name": "AMIQ ERHAN K", "email": "Shijas3299@gmail.com", "phone": "9207036893", "message": "I want to more details about this course", "is_checked": false, "timestamp": "2025-01-29T14:56:09.578Z"}}, {"model": "core.contact", "pk": "30e9f93b-7461-4eba-9354-1d8a1c4dd9a2", "fields": {"child_name": "Jehosiah", "email": "sujanedapral@gmail.com", "phone": "97726269", "message": "Please do teach my kid well", "is_checked": false, "timestamp": "2024-03-21T22:14:37.148Z"}}, {"model": "core.contact", "pk": "32197a47-d4a0-4e92-82db-dcd78023f39b", "fields": {"child_name": "Lakshmi", "email": "kvijithanair@gmail.com", "phone": "9400071187", "message": "I would like to know the course fee and topics covered in little gene course.", "is_checked": false, "timestamp": "2023-02-14T05:54:13.429Z"}}, {"model": "core.contact", "pk": "324ab0c1-499e-4858-89c7-04150bec67ab", "fields": {"child_name": "Athira K", "email": "athirakinayath0@gmail.com", "phone": "9947082339", "message": "Hi", "is_checked": false, "timestamp": "2023-06-13T11:17:23.794Z"}}, {"model": "core.contact", "pk": "333534ce-e20f-4e14-9c08-93c99ed2e7d4", "fields": {"child_name": "Name", "email": "email@gmail.com", "phone": "13246578", "message": "essaawee", "is_checked": false, "timestamp": "2022-06-14T08:34:47.499Z"}}, {"model": "core.contact", "pk": "3337634c-1087-4ad4-96bc-1c1417e0f90a", "fields": {"child_name": "Dheerav T", "email": "dheeravakku@gmail.com", "phone": "9745487085", "message": "Pls provide demo classes", "is_checked": false, "timestamp": "2023-12-02T17:00:32.887Z"}}, {"model": "core.contact", "pk": "354d0a25-7779-4d81-bfae-9ef54f510e9a", "fields": {"child_name": "Zayan", "email": "Fathimathulthasniya2010@gmail.com", "phone": "9895406820", "message": "Hello", "is_checked": false, "timestamp": "2023-06-03T08:03:05.198Z"}}, {"model": "core.contact", "pk": "358c9ff1-187e-40aa-880b-064aa3aa97c8", "fields": {"child_name": "Hency Bobin", "email": "hencybobin10@gmail.com", "phone": "7025650998", "message": "I want to more details for this program", "is_checked": false, "timestamp": "2023-06-06T05:55:00.702Z"}}, {"model": "core.contact", "pk": "35ba9b74-2b9d-48c9-a3a5-e9180f86e57d", "fields": {"child_name": "Arooj Fathima", "email": "muneebahammed@ymail.com", "phone": "542364656", "message": "What is the Fee structure", "is_checked": false, "timestamp": "2023-02-15T11:20:59.452Z"}}, {"model": "core.contact", "pk": "36a817b8-39b8-4c2f-bbc4-be6ee096d18d", "fields": {"child_name": "Sirin Ishaque", "email": "ranurevive@gmail.com", "phone": "7034524936", "message": "I wanted to know more about little genie program", "is_checked": false, "timestamp": "2024-01-30T12:02:57.569Z"}}, {"model": "core.contact", "pk": "394a9906-b150-44a8-bb83-820108ab59fa", "fields": {"child_name": "Arif darwish", "email": "hannasif12@gmail.com", "phone": "0551308205", "message": "I wanted to get one on one online tution for my child for grade1 .class website link can be shared.wanted to teach him as per the syllabus .", "is_checked": false, "timestamp": "2023-05-20T03:08:55.116Z"}}, {"model": "core.contact", "pk": "394ca9bf-1a3a-4a65-b084-e1f726445413", "fields": {"child_name": "Zidan", "email": "arifairshadk@gmail.com", "phone": "8084891090", "message": "I would like to know the fee and timing", "is_checked": false, "timestamp": "2023-02-04T14:56:24.429Z"}}, {"model": "core.contact", "pk": "3969a947-3fd6-4801-ac09-f629e2fc7016", "fields": {"child_name": "Malu", "email": "Ktsmitha@gmail.com", "phone": "9400470605", "message": "Hi, I would like to know more about the course for LKG kids", "is_checked": false, "timestamp": "2023-12-24T02:22:15.885Z"}}, {"model": "core.contact", "pk": "3ba690c9-6703-4c28-8813-89f56a56ee73", "fields": {"child_name": "Dhakshin Ajith", "email": "dhanyasivan97@gmail.com", "phone": "0563525039", "message": "I want to know about this training. My son is 3 years old .", "is_checked": false, "timestamp": "2024-11-21T09:24:34.346Z"}}, {"model": "core.contact", "pk": "3bd1f108-ab17-4d95-8033-44b5f7c677bf", "fields": {"child_name": "shivaan", "email": "mia.berrick@gmail.com", "phone": "61490918595", "message": "Hello Team,\n\nI would like to book an assessment for my son Shivaan. He is 5yrs old and has just started school. I am looking for support in reading and writing English along with basic maths according to their age.\n\nKindly let me know how to go about it.\n\nRegards\nRishma", "is_checked": false, "timestamp": "2023-02-16T01:08:26.348Z"}}, {"model": "core.contact", "pk": "3c9508ab-fd87-4198-9715-c6d4f428a837", "fields": {"child_name": "Haizah", "email": "amned113@gmail.com", "phone": "7561806666", "message": "To know more", "is_checked": false, "timestamp": "2023-03-31T04:35:57.732Z"}}, {"model": "core.contact", "pk": "3c985260-efcd-4adb-867f-8310f9462f74", "fields": {"child_name": "Hayah fateh", "email": "Zainyazar786@gmail.com", "phone": "8129070010", "message": "My daughter hayah fateh she is 4 years old now. Studying in L.K.G . She is not active in class and can’t able to concentrate on the activities. Really want to join in your classes for help her in writings and readings.", "is_checked": false, "timestamp": "2023-09-11T06:17:43.599Z"}}, {"model": "core.contact", "pk": "3d252b78-dc82-43c2-a97a-15307f18b792", "fields": {"child_name": "Nathan V Tharakam", "email": "merinabrahamhere@gmail.com", "phone": "09630194375", "message": "Want to know more about little genie", "is_checked": false, "timestamp": "2024-03-25T03:49:02.064Z"}}, {"model": "core.contact", "pk": "3def2cc7-1b48-4166-8f0d-5916bdb04d51", "fields": {"child_name": "Krishika", "email": "karthikasridher@gmail.com", "phone": "9169635295", "message": "Want to know kindergarten little geni fees details", "is_checked": false, "timestamp": "2022-11-22T22:29:37.294Z"}}, {"model": "core.contact", "pk": "3e320339-8912-40e4-8258-17a857f2b479", "fields": {"child_name": "Avantika A", "email": "anubhadra1995@gmail.com", "phone": "9447457663", "message": "My kid is 4 years old..\nI am skeptical of she will attend online classes like this..\nBut would like to give her a good coaching for her betterment", "is_checked": false, "timestamp": "2024-05-02T12:33:51.854Z"}}, {"model": "core.contact", "pk": "3f454795-2eaf-4069-86a3-eb04ef70d173", "fields": {"child_name": "Ismael", "email": "sameeharemshad@gmail.com", "phone": "0501471407", "message": "Pls call me", "is_checked": false, "timestamp": "2025-02-24T19:28:26.884Z"}}, {"model": "core.contact", "pk": "3f62df2d-32b9-4068-ae77-9671d4ddc7e0", "fields": {"child_name": "Juwan bran", "email": "mariyamhamnampc@gmail.com", "phone": "508320671", "message": "Demo class", "is_checked": false, "timestamp": "2023-09-11T14:34:29.779Z"}}, {"model": "core.contact", "pk": "3f8aa570-59f9-451c-849c-84ac22f7a6c4", "fields": {"child_name": "Fezin muhammad", "email": "mahshookfidha@gmail.com", "phone": "7736297733", "message": "3 year old", "is_checked": false, "timestamp": "2025-02-04T15:01:12.054Z"}}, {"model": "core.contact", "pk": "3fb2c685-821e-42bf-ba82-61123a2f1ddf", "fields": {"child_name": "Muhammed Haroon", "email": "akbarsidheq@gmail.com", "phone": "0506162165", "message": "Need demo class for KG1 student.", "is_checked": false, "timestamp": "2024-07-05T06:39:18.674Z"}}, {"model": "core.contact", "pk": "405e6896-88e6-4166-a509-9affd242db72", "fields": {"child_name": "FAMITHA Vm", "email": "vmfamitha@gmail.com", "phone": "9961966911", "message": "Hii", "is_checked": false, "timestamp": "2023-06-13T10:10:15.042Z"}}, {"model": "core.contact", "pk": "41a8bd54-b8f5-418b-ada4-167332fa23a4", "fields": {"child_name": "Veda Vinoth", "email": "Nowrinkf98@gmail.com", "phone": "9947516653", "message": "My daughter is 5 years old . Iam looking for Malayalam English class for her", "is_checked": false, "timestamp": "2024-05-05T13:49:02.435Z"}}, {"model": "core.contact", "pk": "422ddb71-7175-459d-83f8-3542398c23e4", "fields": {"child_name": "Carlynn geo", "email": "jinshageo07@gmail.com", "phone": "9995693555", "message": "She is ukg student", "is_checked": false, "timestamp": "2022-12-02T05:31:55.034Z"}}, {"model": "core.contact", "pk": "42ecda36-9231-44df-b0eb-ac846d0574b3", "fields": {"child_name": "Dhyan A S", "email": "sujaya.k11@gmail.com", "phone": "9108369885", "message": "I am enquiring about this for my 5 year old son", "is_checked": false, "timestamp": "2024-01-07T11:49:06.746Z"}}, {"model": "core.contact", "pk": "431fe07a-76ec-4a88-adea-17379d80a89c", "fields": {"child_name": "Nuha Azmin. P", "email": "sherinnaseema@gmail.com", "phone": "0566432468", "message": "I would like to know more about course details & fees", "is_checked": false, "timestamp": "2025-02-27T07:51:22.003Z"}}, {"model": "core.contact", "pk": "43ff59de-7de7-4941-8750-00c0b746dd72", "fields": {"child_name": "Zera Fousiya a t", "email": "npaslaha2@gmail.com", "phone": "9645664942", "message": "Nill", "is_checked": false, "timestamp": "2023-06-09T16:32:27.494Z"}}, {"model": "core.contact", "pk": "468c534b-c5b3-4404-ad94-66dd7eda28bb", "fields": {"child_name": "G", "email": "pubgktkl@gmail.com", "phone": "8888888888", "message": "Hi I would like to enquire the cost structure for the course, kindly let me know.", "is_checked": false, "timestamp": "2023-07-02T07:52:34.449Z"}}, {"model": "core.contact", "pk": "4765ec80-d176-4752-adf3-568e823927e0", "fields": {"child_name": "Kevin Gomez", "email": "sarithamelvin56@gmail.com", "phone": "9074461932", "message": "To help my son to learn from basic studies", "is_checked": false, "timestamp": "2024-01-09T05:34:14.584Z"}}, {"model": "core.contact", "pk": "47d8919e-da9c-4db0-a10a-d8b3ddc31cab", "fields": {"child_name": "JANHVI A J", "email": "emaraldab@yahoo.co.in", "phone": "9846771915", "message": "My kid is now studying pre kg", "is_checked": false, "timestamp": "2023-10-09T10:11:02.447Z"}}, {"model": "core.contact", "pk": "48c54435-829e-4935-9b0d-7734b49ba492", "fields": {"child_name": "Aizah Fathima", "email": "fidazainabath@gmail.com", "phone": "9496006357", "message": "Wanted to know the details of little genie course", "is_checked": false, "timestamp": "2023-09-16T07:22:05.784Z"}}, {"model": "core.contact", "pk": "4a0effd3-f783-4fb2-96e7-cc4a26cfd98a", "fields": {"child_name": "Adam", "email": "Dilu343@gmail.com", "phone": "9995091731", "message": "Need more details", "is_checked": false, "timestamp": "2024-04-29T22:59:41.477Z"}}, {"model": "core.contact", "pk": "4a5ebd3a-e9a2-4375-8630-c6203cde65b6", "fields": {"child_name": "name", "email": "email@name.com", "phone": "13246578", "message": "MEssage", "is_checked": false, "timestamp": "2022-05-10T15:22:56.107Z"}}, {"model": "core.contact", "pk": "4ad36426-0b8c-4808-a48d-b863f4a6c06b", "fields": {"child_name": "Madhav Manu", "email": "divyaramachandran08@gmail.com", "phone": "8089628822", "message": "Lkg kid", "is_checked": false, "timestamp": "2023-05-20T16:42:11.228Z"}}, {"model": "core.contact", "pk": "4b21a999-2f4c-4a35-8449-dd476d4ec206", "fields": {"child_name": "Sarah Maryam Asif", "email": "fathimafayiza69@gmail.com", "phone": "8105854861", "message": "Please give me a demo class", "is_checked": false, "timestamp": "2023-08-29T00:49:28.317Z"}}, {"model": "core.contact", "pk": "4b55e8ff-5824-40b4-880c-77a8a6d09562", "fields": {"child_name": "Ishaan Manoj", "email": "luckylekha.murali@gmail.com", "phone": "6282581640", "message": "I want to experience the quality of your class.", "is_checked": false, "timestamp": "2022-11-11T07:03:34.360Z"}}, {"model": "core.contact", "pk": "4cdf0ddf-0e67-4a32-a416-da665c55070d", "fields": {"child_name": "zahan", "email": "thasninouf786@gmail.com", "phone": "9037696818", "message": "want to join", "is_checked": false, "timestamp": "2024-11-02T15:00:52.704Z"}}, {"model": "core.contact", "pk": "4d4a0284-c336-4e57-83a7-bb34617fb628", "fields": {"child_name": "Adam", "email": "adhila.kp313@gmail.com", "phone": "9961439559", "message": "I want to know details about lkg class", "is_checked": false, "timestamp": "2024-12-19T13:50:23.020Z"}}, {"model": "core.contact", "pk": "4eac5e64-29f3-4934-a7b3-e007e98032bd", "fields": {"child_name": "Sreenath", "email": "fisavol678@extemer.com", "phone": "88888888888", "message": "Please send me course and fees details", "is_checked": false, "timestamp": "2023-06-29T09:33:18.176Z"}}, {"model": "core.contact", "pk": "4f3adf21-d943-482d-8d5d-2d9ebd7cb0c8", "fields": {"child_name": "Ajina Ak", "email": "parrotsphs18@gmail.com", "phone": "9645690145", "message": "Studying 3rd standerd", "is_checked": false, "timestamp": "2023-06-09T16:41:08.896Z"}}, {"model": "core.contact", "pk": "4f952cc0-f9dc-4fca-bb08-1771c260c49c", "fields": {"child_name": "DAKSHITH SHANU", "email": "shanuhse@gmail.com", "phone": "0526249272", "message": "Hi. I would like to know more about the course", "is_checked": false, "timestamp": "2024-03-20T06:25:59.943Z"}}, {"model": "core.contact", "pk": "51a6f55a-c183-438f-a0a1-1aba70f7d219", "fields": {"child_name": "Nile", "email": "tsnoufal@gmail.com", "phone": "08848529889", "message": "Wish to know about curriculum & full details", "is_checked": false, "timestamp": "2022-10-01T19:45:35.926Z"}}, {"model": "core.contact", "pk": "51eccd0e-57dd-43cd-b4ac-84d9073fa490", "fields": {"child_name": "Muhammed Aalim Zayan", "email": "suhailapthaha@gmail.com", "phone": "8089922087", "message": "He is studying in LKG", "is_checked": false, "timestamp": "2023-02-11T16:57:29.424Z"}}, {"model": "core.contact", "pk": "520be2d3-1e92-4b7e-873a-d241009718c1", "fields": {"child_name": "David John Palal", "email": "geevarjohnpalal@gmail.com", "phone": "9400014309", "message": "Hi, we are planning for home schooling of our kid aged 3 years and 8 months", "is_checked": false, "timestamp": "2023-12-02T01:05:48.190Z"}}, {"model": "core.contact", "pk": "5282fccc-a129-4ac2-b2dd-f5c097d51b06", "fields": {"child_name": "Haya Ilham", "email": "rubayyae@gmail.com", "phone": "8089326560", "message": "Good wishes", "is_checked": false, "timestamp": "2023-09-07T04:45:25.356Z"}}, {"model": "core.contact", "pk": "532ef775-509f-4a0b-bc4e-5a0681907fd2", "fields": {"child_name": "Jude Nikhil", "email": "asharosemathew1991@gmail.com", "phone": "0468330723", "message": "Hi,\nI like to know more \nThank you", "is_checked": false, "timestamp": "2023-10-20T06:18:02.326Z"}}, {"model": "core.contact", "pk": "558f3832-5d8f-4374-8aaf-c51edce4b229", "fields": {"child_name": "Eva Mehwin", "email": "sherinsheriff123@gmail.com", "phone": "7909236804", "message": "Get more info on this course", "is_checked": false, "timestamp": "2024-05-16T06:42:53.476Z"}}, {"model": "core.contact", "pk": "5676ed81-d8f9-44ce-93c6-3ed745ef0e37", "fields": {"child_name": "AEZAL MARYAM", "email": "raheesa310@gmail.com", "phone": "552110036", "message": "I wanted to know more about the class", "is_checked": false, "timestamp": "2023-10-02T06:48:50.548Z"}}, {"model": "core.contact", "pk": "580d7edf-3343-4f43-8e9f-943eb2c62084", "fields": {"child_name": "Ayzel", "email": "Faachu916@gmail.com", "phone": "9633116163", "message": "Nothing", "is_checked": false, "timestamp": "2024-06-19T09:25:31.415Z"}}, {"model": "core.contact", "pk": "5a488318-b1c8-48ca-be26-a340856e0d08", "fields": {"child_name": "Athmika", "email": "sanucof@gmail.com", "phone": "6590559388", "message": "Hi\n\nWhat to know about preschool class", "is_checked": false, "timestamp": "2024-02-08T15:26:48.916Z"}}, {"model": "core.contact", "pk": "5a78da7a-ffbf-47c2-ad01-416b1863aa21", "fields": {"child_name": "Adam anshad", "email": "shajilaadam@gmail.com", "phone": "7559963305", "message": "I want to join with little genei for my son", "is_checked": false, "timestamp": "2023-06-12T08:33:03.765Z"}}, {"model": "core.contact", "pk": "5a82995c-40bd-4450-baf5-d2e54250b5f1", "fields": {"child_name": "Dheemahi Pramod", "email": "itz.pramo@gmail.com", "phone": "08943922755", "message": "My kid is 7years", "is_checked": false, "timestamp": "2023-11-16T18:37:40.338Z"}}, {"model": "core.contact", "pk": "5aa0a679-8c2f-47cd-915d-576397efeb23", "fields": {"child_name": "Gautami", "email": "dhanyav777@gmail.com", "phone": "9895443137", "message": "Would like to know about classes for 5 year old, especially spoken english", "is_checked": false, "timestamp": "2023-05-08T06:43:44.026Z"}}, {"model": "core.contact", "pk": "5ac5727c-cc3f-41d4-aa54-0cb281cbfa12", "fields": {"child_name": "Atharv.G", "email": "aswathyp363@gmail.com", "phone": "9961914724", "message": "Plz provide the demo class on saturday or sunday", "is_checked": false, "timestamp": "2024-05-21T06:27:04.360Z"}}, {"model": "core.contact", "pk": "5ac7eb10-64e4-4c9e-964b-2800f0299b57", "fields": {"child_name": "test", "email": "test@gmail.com", "phone": "00000000", "message": "littlegenie website testing", "is_checked": false, "timestamp": "2024-05-06T12:52:40.119Z"}}, {"model": "core.contact", "pk": "5b20de17-639d-4658-be58-c355cb684037", "fields": {"child_name": "Hawwa Mariyam", "email": "haseebhamza2005@gmail.com", "phone": "9995254472", "message": "Book trail class for my daughter", "is_checked": false, "timestamp": "2023-12-05T10:30:04.993Z"}}, {"model": "core.contact", "pk": "5b8d8a05-86b4-4ae5-8721-19eee3437773", "fields": {"child_name": "Avaneesh renjith", "email": "asharenjith2@gmail.com", "phone": "9496309501", "message": "Need online class for 3 years 4 month child", "is_checked": false, "timestamp": "2024-12-03T16:43:04.226Z"}}, {"model": "core.contact", "pk": "5bfffed9-a2c8-4f56-9419-e702ae1daed1", "fields": {"child_name": "Rahma Feizal", "email": "feminafeizal@gmail.com", "phone": "9946235511", "message": "Pls call on Monday", "is_checked": false, "timestamp": "2024-01-13T14:40:48.796Z"}}, {"model": "core.contact", "pk": "5c1cfcad-35be-426a-9030-d44a64ee2de8", "fields": {"child_name": "Muhsina Naser", "email": "musinazz297@gmail.com", "phone": "9188136347", "message": "Crafting", "is_checked": false, "timestamp": "2023-06-09T17:14:38.098Z"}}, {"model": "core.contact", "pk": "5d142448-3ef6-4fd6-bd5c-55137c86dfd1", "fields": {"child_name": "Armaan shahbas", "email": "sananassarr@gmail.com", "phone": "9048107963", "message": "Hi.. we are currently in oman … wanted to have a demo class… my WhatsApp contact is +91 9048107963", "is_checked": false, "timestamp": "2023-06-21T13:21:33.890Z"}}, {"model": "core.contact", "pk": "5d813e9a-5cda-44c7-9e39-f66a5b33fb00", "fields": {"child_name": "Adam muhamed", "email": "mdshihab0091@gimail.come", "phone": "7994131407", "message": "You apoyment", "is_checked": false, "timestamp": "2023-11-22T07:57:24.592Z"}}, {"model": "core.contact", "pk": "5fcb74b7-a8bc-4b08-a645-51f25300a6fa", "fields": {"child_name": "Aarav", "email": "roshnir1230@gmail.com", "phone": "9361221927", "message": "This is an enquiry for joining", "is_checked": false, "timestamp": "2024-06-24T04:25:33.261Z"}}, {"model": "core.contact", "pk": "5fe064f2-e59b-4257-853c-704dacfc35a5", "fields": {"child_name": "Jahnvi Nair", "email": "rohinidhanya@gmail.com", "phone": "9745519174", "message": "Could you please give us a call back. We would like to learn more about little genie program.", "is_checked": false, "timestamp": "2023-06-01T07:16:21.653Z"}}, {"model": "core.contact", "pk": "633ed622-58dc-410c-884a-5c5b6f8e1b15", "fields": {"child_name": "Mohammed Aydin K P", "email": "hussainnasrien@gmail.com", "phone": "6238587658", "message": "I want to know all details about this course", "is_checked": false, "timestamp": "2024-01-13T03:11:08.456Z"}}, {"model": "core.contact", "pk": "638a9fe3-ca98-48dc-998b-10432ed2f0fe", "fields": {"child_name": "Aditi R Sojin", "email": "ragisharajannk321@gmail.com", "phone": "8086471712", "message": "Want to know more about the little genius course for lkg student", "is_checked": false, "timestamp": "2023-11-23T08:23:32.078Z"}}, {"model": "core.contact", "pk": "64604af2-b101-46b6-b671-e1d070b10075", "fields": {"child_name": "Hemil Bin Azhar", "email": "labeebaashar97@gmail.com", "phone": "8714508895", "message": "Hi…I’m Labeeba from Thalassery,Kannur.Mom of 3.5 year old son.I want to prepare my son before admitting to a school.Also to learn and explore more.I would like to know whether there is any short term course available to him and their charges also.So please let me know.", "is_checked": false, "timestamp": "2024-11-17T18:53:49.128Z"}}, {"model": "core.contact", "pk": "64905cbd-feb9-4889-a076-ed40d3895425", "fields": {"child_name": "Ambika K A", "email": "krishpranavam@gmail.com", "phone": "9847068689", "message": "I would like to know about the timing and fee structure, course duration etc\n\nThanks and regards", "is_checked": false, "timestamp": "2023-02-14T15:02:40.120Z"}}, {"model": "core.contact", "pk": "64c69011-9318-4514-8293-5d8fa8a7eb54", "fields": {"child_name": "Shivnish Chembakassery sanish", "email": "saneeshekm@gmail.com", "phone": "07585434204", "message": "My son is just 3 and a half. I want to improve his communication skill.", "is_checked": false, "timestamp": "2023-10-14T06:56:07.173Z"}}, {"model": "core.contact", "pk": "64d6c9fe-211c-469f-a1a5-f88d5bc625a3", "fields": {"child_name": "Fareedha", "email": "drfareedha@gmail.com", "phone": "9061171245", "message": "Hi", "is_checked": false, "timestamp": "2023-05-16T10:32:41.580Z"}}, {"model": "core.contact", "pk": "6565fe9c-ffd6-4c5c-88e1-e320f3252730", "fields": {"child_name": "Rafan", "email": "aaysha.jumana@gmail.com", "phone": "9400588804", "message": "Demo class", "is_checked": false, "timestamp": "2023-10-11T21:54:46.252Z"}}, {"model": "core.contact", "pk": "6603517a-653f-406d-954e-9cd3aadd34e8", "fields": {"child_name": "Derick Cegil", "email": "cegiljohn@gmail.com", "phone": "9656559277", "message": "Hi\nI would like to book one session for my kid, who is in KG 1. Is there sessions on Sunday?\nRegards\nCegil", "is_checked": false, "timestamp": "2024-02-22T16:39:47.664Z"}}, {"model": "core.contact", "pk": "66b77a9c-2774-4be4-ac6c-ccf39e0a125f", "fields": {"child_name": "Irin T", "email": "akhilaparamban1228@gmail.com", "phone": "8593977633", "message": "My child is just three and half years old and she is not going to school yet. \nMay I know the fee details?", "is_checked": false, "timestamp": "2023-09-01T12:24:51.791Z"}}, {"model": "core.contact", "pk": "677b0504-0b6b-4c3f-8af1-3729107335b9", "fields": {"child_name": "Inara zareen Garlafi.k", "email": "garlafika@gmail.com", "phone": "9400504050", "message": "Hi... please call n fix a meeting with me n the student\nRegards\nGarlafi", "is_checked": false, "timestamp": "2023-11-30T15:25:58.384Z"}}, {"model": "core.contact", "pk": "6836bc1b-60fe-488a-acad-ea4870b880a0", "fields": {"child_name": "Jovana", "email": "selmajoseph2009@gmail.com", "phone": "8139561178", "message": "Would like to check out the demo class for my daughter Jovana. Thanks", "is_checked": false, "timestamp": "2023-07-13T21:04:00.640Z"}}, {"model": "core.contact", "pk": "685606bd-ab1b-4435-8fbe-c03866a8107d", "fields": {"child_name": "Hala Ain Fazil", "email": "cknaji@gmail.com", "phone": "8281777373", "message": "Little genie demo class", "is_checked": false, "timestamp": "2023-05-28T09:18:44.355Z"}}, {"model": "core.contact", "pk": "6890b06d-99dd-45bf-b114-79b63442d236", "fields": {"child_name": "sreshta sai sreeram", "email": "jeyasriramesh56@gmal.com", "phone": "0553040917", "message": "Dear Team,\n\nMy daughter going to turn 4years in January and I wish to join your team , Please contact", "is_checked": false, "timestamp": "2023-12-15T10:58:06.267Z"}}, {"model": "core.contact", "pk": "68e84751-f691-454d-acde-5063fab3e617", "fields": {"child_name": "tyy", "email": "gghj@gmail.com", "phone": "7845124578", "message": "dklksd", "is_checked": false, "timestamp": "2022-05-11T06:41:49.871Z"}}, {"model": "core.contact", "pk": "69fc4025-8237-4309-a982-58896887e3e5", "fields": {"child_name": "Nihara", "email": "shruthi.jayaraj1991@gmail.com", "phone": "9074858655", "message": "Classes for 3year old baby girl", "is_checked": false, "timestamp": "2024-05-20T09:14:38.521Z"}}, {"model": "core.contact", "pk": "6b3b8a57-fb27-457b-bf1a-a5fa1e8d0435", "fields": {"child_name": "Hatim", "email": "jasaem.21@gmail.com", "phone": "9446631331", "message": "Interested to know more about the program", "is_checked": false, "timestamp": "2023-02-02T15:00:44.562Z"}}, {"model": "core.contact", "pk": "6b5463d9-273f-4ae7-a5b5-88f3f7d9105f", "fields": {"child_name": "Khadija", "email": "rebianees2008@gmail.com", "phone": "9562495089", "message": "Need class for 5years old", "is_checked": false, "timestamp": "2024-02-18T16:04:35.132Z"}}, {"model": "core.contact", "pk": "6ba2211b-48f2-485e-9b59-f2c93191c363", "fields": {"child_name": "Ehan siyad", "email": "mintu4ziya@gmail.com", "phone": "8095488292", "message": "I need to know the fees structure,my child is going to be 5yrs.still he is not went to anywhere,I want to know how can I start his schoolings,means from where I have to start ,like that", "is_checked": false, "timestamp": "2023-10-30T09:41:25.257Z"}}, {"model": "core.contact", "pk": "6d44d3a8-77d9-4992-9681-31a003f343d4", "fields": {"child_name": "HALA SADIK", "email": "sadikhe@gmail.com", "phone": "6238235466", "message": "Little Genies", "is_checked": false, "timestamp": "2024-05-07T19:12:50.914Z"}}, {"model": "core.contact", "pk": "6d8d0ac0-1cb5-474a-97c2-f7f8ef99ff2e", "fields": {"child_name": "Isha sinoj", "email": "Sinojonline@gmail.com", "phone": "9482505103", "message": "Isha is 6 years old. Studying in ukg", "is_checked": false, "timestamp": "2024-01-31T08:38:46.116Z"}}, {"model": "core.contact", "pk": "6e131fcc-304b-46dd-a7e6-a86ff455f525", "fields": {"child_name": "Shaman", "email": "harshithara95@gmail.com", "phone": "7025560389", "message": "Class", "is_checked": false, "timestamp": "2023-06-03T06:26:12.145Z"}}, {"model": "core.contact", "pk": "6e4954bd-8ca2-4aab-99a9-1e2fa49924c6", "fields": {"child_name": "Avani vijesh", "email": "sajishavijesh2@gmail.com", "phone": "0505023869", "message": "hi\nwant to know the details about the class", "is_checked": false, "timestamp": "2023-09-14T11:50:42.877Z"}}, {"model": "core.contact", "pk": "6ea418bd-9150-4161-b728-8edb1a3ebe7d", "fields": {"child_name": "Arzan Abdullah", "email": "muhsinatp498@gmail.com", "phone": "8594050284", "message": "To check ur link", "is_checked": false, "timestamp": "2023-06-09T10:46:21.850Z"}}, {"model": "core.contact", "pk": "6fb88026-98b4-4387-8edd-5ee9cf5d2a0d", "fields": {"child_name": "Shezan Ahmed", "email": "moideen.renshi@Gmail.Com", "phone": "09072515396", "message": "Want to know more about it", "is_checked": false, "timestamp": "2023-09-07T10:45:53.686Z"}}, {"model": "core.contact", "pk": "7102d848-966d-408d-933d-0bf68d8addf8", "fields": {"child_name": "Hadeed Moosa", "email": "myzaabanu@gmail.com", "phone": "8105448997", "message": "Enquiry about kindergarten", "is_checked": false, "timestamp": "2025-06-06T04:46:13.234Z"}}, {"model": "core.contact", "pk": "7175ff94-c6fa-4344-a1d7-95e16eac2707", "fields": {"child_name": "Ethan", "email": "mdshybi@gmail.com", "phone": "7510648490", "message": "G", "is_checked": false, "timestamp": "2023-11-04T18:57:32.026Z"}}, {"model": "core.contact", "pk": "720bd7ae-2654-45ac-b274-ff138aa8bf8a", "fields": {"child_name": "Fathima asra", "email": "Foodiewithgoodie786@gmail.com", "phone": "9663544167", "message": "My daugter is 4 years old... may i know the fees for kg 1 tuition of all subject", "is_checked": false, "timestamp": "2023-09-10T13:01:29.385Z"}}, {"model": "core.contact", "pk": "728b5c28-d147-4461-8989-7a31431b3198", "fields": {"child_name": "Ahil", "email": "naseehamoideen@gmail.com", "phone": "553047063", "message": "Ahil is 6 years old studying in KG 1 (LKG)in dubai.we decided that move to Kerala and Ahil need to start his class from grade 1 by skipping KG 2(UKG).So he need UKG syllabus .", "is_checked": false, "timestamp": "2023-02-06T19:52:44.200Z"}}, {"model": "core.contact", "pk": "73070970-bb67-4188-8a61-24ecec9027c4", "fields": {"child_name": "Fatma Saeeda", "email": "Afsalntts@gmail.com", "phone": "8891103204", "message": "Connect me on WhatsApp", "is_checked": false, "timestamp": "2024-05-21T08:52:05.917Z"}}, {"model": "core.contact", "pk": "7344c139-ea49-42b0-8f8c-4791253e91ff", "fields": {"child_name": "Ezin adam", "email": "Farsanajabeel45@gmail.com", "phone": "8139063550", "message": "Want to try demo class for my 4 yrs old", "is_checked": false, "timestamp": "2025-06-24T05:04:40.001Z"}}, {"model": "core.contact", "pk": "739d15bd-773d-42f4-8c01-6956205d7bbc", "fields": {"child_name": "Mohammed", "email": "Najeemmoideen@hotmail.com", "phone": "0545078902", "message": "For kg1", "is_checked": false, "timestamp": "2024-10-18T15:15:04.452Z"}}, {"model": "core.contact", "pk": "73b03f12-aa0d-4598-8e5c-3b026d8c0984", "fields": {"child_name": "MINHA YASMIN JASAR", "email": "thasnymoithu@gmail.com", "phone": "07825812882", "message": "Need a demo class", "is_checked": false, "timestamp": "2022-06-24T22:34:47.577Z"}}, {"model": "core.contact", "pk": "74fef627-f7d6-402b-b893-64cf583f0d2e", "fields": {"child_name": "Reya Rejil", "email": "rejilraj9@gmail.com", "phone": "7044084951", "message": "Hi, I am looking for more details for my 3 year old daughter", "is_checked": false, "timestamp": "2023-12-16T13:00:58.617Z"}}, {"model": "core.contact", "pk": "76ce4a23-a9f2-48b8-acf1-4c0b31188e71", "fields": {"child_name": "Muhammed aamir", "email": "ummaamir6@gmail.com", "phone": "0582828783", "message": "Time:tuesday 6 pm", "is_checked": false, "timestamp": "2023-12-17T14:53:35.692Z"}}, {"model": "core.contact", "pk": "77a86afb-87f6-4cea-bf36-e860da54b612", "fields": {"child_name": "Name", "email": "Email@gmail.com", "phone": "12345678", "message": "Message", "is_checked": false, "timestamp": "2022-05-10T15:21:47.187Z"}}, {"model": "core.contact", "pk": "784bad8a-1947-4187-9857-e86e77bbf47c", "fields": {"child_name": "Arush", "email": "thejasreevp@gmail.com", "phone": "8638675433", "message": "I need LKG basics of mathematics English and Hindi", "is_checked": false, "timestamp": "2022-11-29T05:39:54.806Z"}}, {"model": "core.contact", "pk": "78bd4a83-59d2-42cb-98bb-4b37e0d58ed2", "fields": {"child_name": "Muhammad Zayan", "email": "aslashahsad@gmail.com", "phone": "9072044091", "message": "Hii teacher", "is_checked": false, "timestamp": "2023-06-05T07:35:54.415Z"}}, {"model": "core.contact", "pk": "78c06c5b-e4f1-4776-bb36-e8bbb007e9f9", "fields": {"child_name": "Azmia Fathima", "email": "hina4hp01@gmail.com", "phone": "97474780981", "message": "Enquiry for my child preparing to start schooling this year.", "is_checked": false, "timestamp": "2024-01-24T11:41:05.758Z"}}, {"model": "core.contact", "pk": "7926086e-6001-437b-9c33-7a6e67ea3f16", "fields": {"child_name": "Rizwamehrin", "email": "raihanathkp418@gmail.com", "phone": "7907081086", "message": "Egane ulla class", "is_checked": false, "timestamp": "2023-06-15T04:38:16.738Z"}}, {"model": "core.contact", "pk": "79f8ae76-add2-4dcd-b996-cf7d9aef61d8", "fields": {"child_name": "Ishan Muhammad", "email": "baheeda@gmail.com", "phone": "9633878414", "message": "English phonetics", "is_checked": false, "timestamp": "2023-06-09T09:59:51.982Z"}}, {"model": "core.contact", "pk": "7b1d2bd7-da35-47e2-81bf-5ac50d1c5030", "fields": {"child_name": "Eesa Hamdaan", "email": "naziyahameedma@gmail.com", "phone": "7736377038", "message": "Would like to know more about this program", "is_checked": false, "timestamp": "2023-06-17T13:27:52.102Z"}}, {"model": "core.contact", "pk": "7b38eec1-8b69-4cf3-b7b1-3bbf4d401d7e", "fields": {"child_name": "Aaradhya", "email": "gayathrideviap@gmail.com", "phone": "7034597456", "message": "demo  class", "is_checked": false, "timestamp": "2023-07-06T05:44:29.058Z"}}, {"model": "core.contact", "pk": "7b40d298-058f-4a0a-bae0-6c7a1f6f36fe", "fields": {"child_name": "Aadikesav", "email": "shankukunju1@gmail.com", "phone": "9497795261", "message": "My son is 4nd half yrs old.. He is studying in lkg.. He is soo lazy in writing and reading", "is_checked": false, "timestamp": "2023-05-20T04:49:07.873Z"}}, {"model": "core.contact", "pk": "7c24527e-457b-4045-904f-78f010944631", "fields": {"child_name": "MEHD FADI.T", "email": "murshidamk923@gmail.com", "phone": "9048697738", "message": "Can I get more information regarding fee structure,course duration and syllabus of little genie?", "is_checked": false, "timestamp": "2024-11-06T12:00:48.614Z"}}, {"model": "core.contact", "pk": "7d3b35fa-d769-4256-8261-0cb13e37e938", "fields": {"child_name": "Shirin Mashhood", "email": "shirinsunus11@gmail.com", "phone": "7561858874", "message": "My 4 year old boy want a free class", "is_checked": false, "timestamp": "2023-06-05T12:03:03.486Z"}}, {"model": "core.contact", "pk": "7f1af026-590f-4dc3-9001-5f117f84a95f", "fields": {"child_name": "Mohamed jaseer", "email": "jaseerbabupk@gmail.com", "phone": "9895079001", "message": "Need a demo class", "is_checked": false, "timestamp": "2024-01-06T07:30:42.124Z"}}, {"model": "core.contact", "pk": "801b5cbf-1e2d-4d76-9f3f-8c14cd37a30c", "fields": {"child_name": "Elaine Abhilash", "email": "alphy004@gmail.com", "phone": "0469858271", "message": "Hi, myself Alphy. I am free Australia and looking to do a course for my 6 yr old daughter. Could you please confirm me the details of the course", "is_checked": false, "timestamp": "2022-11-04T12:43:13.377Z"}}, {"model": "core.contact", "pk": "801baadf-988d-47d6-8079-340ed2fcbd65", "fields": {"child_name": "ZYRA MEHARIN", "email": "mufeedashareef8@gmail.com", "phone": "7034361556", "message": "MY DAUGHTER STUDYING IN UKG", "is_checked": false, "timestamp": "2024-07-19T14:06:39.308Z"}}, {"model": "core.contact", "pk": "802a1e0c-fecc-4918-8a03-fd1ed047c884", "fields": {"child_name": "ayahmehrin.r.s.", "email": "Afnithasuneer1@gmail.com", "phone": "9544419967", "message": "Basic class.A to z. And number's", "is_checked": false, "timestamp": "2023-03-08T14:50:41.793Z"}}, {"model": "core.contact", "pk": "8031f257-879d-4295-bd40-235262eab456", "fields": {"child_name": "Natasha Johnly", "email": "neethu.rebeca09@gmail.com", "phone": "0221878594", "message": "2nd grade student", "is_checked": false, "timestamp": "2022-12-04T02:12:18.061Z"}}, {"model": "core.contact", "pk": "8144bae1-c360-442a-a0a6-4896f6768d23", "fields": {"child_name": "Rithu A R", "email": "mail.renjith.r@gmail.com", "phone": "9400562666", "message": "Rithu. A R is now 3 years and 6 months old . We wish to know about Little Genie course for her", "is_checked": false, "timestamp": "2024-05-17T06:18:53.950Z"}}, {"model": "core.contact", "pk": "8212b85e-002b-4fcd-b3db-b862c1ef0c57", "fields": {"child_name": "Thanha", "email": "drfareedha@gmail.com", "phone": "9061171245", "message": "Hi", "is_checked": false, "timestamp": "2023-05-16T10:33:36.432Z"}}, {"model": "core.contact", "pk": "825853e2-9003-4454-9942-fa90427cef3c", "fields": {"child_name": "Mohammed Iyas", "email": "Jasnabanuc@gmail.com", "phone": "9995592407", "message": "H", "is_checked": false, "timestamp": "2024-08-15T15:27:53.583Z"}}, {"model": "core.contact", "pk": "826dfb26-72bb-4901-a58f-c45dfb4ae795", "fields": {"child_name": "Zayan Safdar", "email": "sainasalam42@gmail.com", "phone": "09744505140", "message": "please contact asap", "is_checked": false, "timestamp": "2023-09-01T16:02:54.821Z"}}, {"model": "core.contact", "pk": "8374c96d-7334-4f6c-8f42-59b924025a34", "fields": {"child_name": "Winna", "email": "subhashbabup@outlook.com", "phone": "9048426214", "message": "Im interest in joining my daughter [Daughter’s Name] for her Kindergarten class. As a parent, I strongly believe that being involved in my child’s education is crucial in her development and learning journey", "is_checked": false, "timestamp": "2023-12-18T14:58:26.845Z"}}, {"model": "core.contact", "pk": "83cc56b9-72ea-4439-b06d-02c27a8decb3", "fields": {"child_name": "Shizin", "email": "bushraanvar@gmail.com", "phone": "30449315", "message": "Looking for 3 year old kud", "is_checked": false, "timestamp": "2024-05-11T05:10:20.996Z"}}, {"model": "core.contact", "pk": "84b1ac12-616f-47c3-b469-b108ed0fd76c", "fields": {"child_name": "Name", "email": "email@gmail.com", "phone": "8481912029", "message": "undefined FOR FINANCIAL LITERACY", "is_checked": false, "timestamp": "2022-06-01T03:04:40.015Z"}}, {"model": "core.contact", "pk": "84c9f30c-87ff-4e15-8038-d45ca9681d16", "fields": {"child_name": "Savitri", "email": "suryakrishnank@gmail.com", "phone": "7012657798", "message": "I would like to know about little genie course", "is_checked": false, "timestamp": "2023-06-05T08:52:08.927Z"}}, {"model": "core.contact", "pk": "84e244fd-ddc8-4b93-b4d9-192321eed98c", "fields": {"child_name": "Ammar ameer", "email": "afeefa.nisfan@gmail.com", "phone": "8138059402", "message": "i want to attend the free course", "is_checked": false, "timestamp": "2022-05-28T10:24:27.690Z"}}, {"model": "core.contact", "pk": "8643001d-52f0-4601-9d41-a8961098b0ff", "fields": {"child_name": "Haya Mariyam", "email": "safreenaku@gmail.com", "phone": "6235800358", "message": "Hi Team Interval, \nLet me know more details about the course syllabus & fees structure of Little Genie course. My daughter is studying in LKG. \nHoping response soon. \nThank You.", "is_checked": false, "timestamp": "2023-10-19T06:49:43.092Z"}}, {"model": "core.contact", "pk": "869bac62-90f7-4a9e-8f35-07475dbf7b77", "fields": {"child_name": "Jerin", "email": "jerinmjohnson@gmail.com", "phone": "06282849501", "message": "Would like to know more about your program for my son", "is_checked": false, "timestamp": "2023-11-29T16:31:56.613Z"}}, {"model": "core.contact", "pk": "86c3e864-b477-4661-81ac-2a3cf6cff295", "fields": {"child_name": "Sameeksha Ravishankar", "email": "anjukallingal23@gmail.com", "phone": "8921556981", "message": "Hi,\nI would like to book a demo class for my daughter.", "is_checked": false, "timestamp": "2023-12-05T18:36:38.517Z"}}, {"model": "core.contact", "pk": "86c91476-569b-4030-b34e-3b3ebcec7d2c", "fields": {"child_name": "Anhithi Arun", "email": "prajishaarun2016@gmail.com", "phone": "0199320605", "message": "I would like to take admission for my 5 yr old daughter", "is_checked": false, "timestamp": "2024-01-23T14:12:12.531Z"}}, {"model": "core.contact", "pk": "890cf44a-f42a-429a-aa46-2d8cd8bb3944", "fields": {"child_name": "Mizn Rahman", "email": "Ramiza2020@gmail.com", "phone": "8848203028", "message": "Can u please share course details", "is_checked": false, "timestamp": "2023-06-02T05:07:12.190Z"}}, {"model": "core.contact", "pk": "89906f7c-2823-4450-aa45-113718f3037b", "fields": {"child_name": "Advik.k", "email": "Shykalakuyyalil@gmail.com", "phone": "6282573356", "message": "Pls send the details of admission", "is_checked": false, "timestamp": "2025-03-17T11:16:57.326Z"}}, {"model": "core.contact", "pk": "8b389f32-c9f4-4dc0-84c7-a6f2f83ae9b8", "fields": {"child_name": "Austin tinto chungath", "email": "tintothomasc@gmail.com", "phone": "0565921658", "message": "I wish to join this programe", "is_checked": false, "timestamp": "2022-05-28T12:40:06.197Z"}}, {"model": "core.contact", "pk": "8c314c48-63f6-4966-af7c-f032bb47a9a7", "fields": {"child_name": "Vihaan Vipin", "email": "vipingopi1@gmail.com", "phone": "9986763241", "message": "I would like to know more about the course and fee structure", "is_checked": false, "timestamp": "2024-02-01T08:32:12.584Z"}}, {"model": "core.contact", "pk": "8c4b0634-2475-4b9e-a5ac-1cdf0c6bc7f2", "fields": {"child_name": "Jsjsjs", "email": "Hshsjsjs@gmail.com", "phone": "64664649464", "message": "Bzhshshsns", "is_checked": false, "timestamp": "2022-05-06T17:25:51.556Z"}}, {"model": "core.contact", "pk": "8c75e8d5-b9cc-42b8-bae9-425461616831", "fields": {"child_name": "Sagan bose", "email": "anikarimbil@gmail.com", "phone": "9447212120", "message": "Trial class", "is_checked": false, "timestamp": "2023-12-02T12:50:39.768Z"}}, {"model": "core.contact", "pk": "8d4cbd40-c24a-4f8b-bfd3-ba865060d461", "fields": {"child_name": "Muhammad Nahyan", "email": "nazlibinoosh@gmail.com", "phone": "9895865406", "message": "He is kg student.he needs learn basic things.", "is_checked": false, "timestamp": "2023-07-12T08:03:55.853Z"}}, {"model": "core.contact", "pk": "8ddda48f-612c-4da3-a2e9-14c631820c17", "fields": {"child_name": "Aliyah Subhan", "email": "yahulhameed27@gmail.com", "phone": "06282584599", "message": "I want to know course details", "is_checked": false, "timestamp": "2024-02-20T00:16:33.418Z"}}, {"model": "core.contact", "pk": "8e405ca8-734a-48c2-b30c-a0be2e638a6f", "fields": {"child_name": "Juana Mary Tino", "email": "anji3116@gmail.com", "phone": "9656048038", "message": "I need a trial class", "is_checked": false, "timestamp": "2023-03-06T06:44:43.712Z"}}, {"model": "core.contact", "pk": "8f068beb-1f07-4768-b242-8836713b6f4a", "fields": {"child_name": "Fareedha", "email": "drfareedha@gmail.com", "phone": "9061171245", "message": "Hi", "is_checked": false, "timestamp": "2023-05-16T10:30:03.865Z"}}, {"model": "core.contact", "pk": "8fb80f97-2c78-4939-b65d-93ee20f33f8c", "fields": {"child_name": "Shezan Ahmed", "email": "mosahi.renshi99@gmail.com", "phone": "9072515396", "message": ".", "is_checked": false, "timestamp": "2023-09-07T04:49:19.403Z"}}, {"model": "core.contact", "pk": "8ff3b865-7131-4cc9-84e7-4f3ba16928bd", "fields": {"child_name": "Nooh Muhammed Afsal", "email": "afslatm15@gmail.com", "phone": "0568473846", "message": "Kid is studying in KG2", "is_checked": false, "timestamp": "2022-12-06T15:32:17.460Z"}}, {"model": "core.contact", "pk": "9008e4e6-642e-4fdb-b188-63563d179794", "fields": {"child_name": "Naived Praveen", "email": "saijaaami@gmail.com", "phone": "09744038935", "message": "Hi. I would like to know about your programs for 3 year old kid.", "is_checked": false, "timestamp": "2023-07-21T14:46:55.394Z"}}, {"model": "core.contact", "pk": "908094a4-88e1-4fcd-af47-41be550be351", "fields": {"child_name": "Shreshta Abhilash", "email": "arya4516abhilash@gmail.com", "phone": "7594934516", "message": "My child is 3 years old.she is know everything in her age but her not present in outside and make improve in english language", "is_checked": false, "timestamp": "2024-12-11T18:52:05.922Z"}}, {"model": "core.contact", "pk": "90c2b6c0-b8e8-4a6d-b4bd-37519b19d441", "fields": {"child_name": "Aanvi Bijeesh", "email": "sangeethabijeeshs@gmail.com", "phone": "9744898548", "message": "About class", "is_checked": false, "timestamp": "2025-06-11T15:16:30.198Z"}}, {"model": "core.contact", "pk": "90d78b10-7c6d-4caf-b3bb-be06046774e2", "fields": {"child_name": "Affan", "email": "salimharis234@gmail.com", "phone": "9961099095", "message": "How I contact ?", "is_checked": false, "timestamp": "2024-03-25T14:34:09.598Z"}}, {"model": "core.contact", "pk": "914ad910-71f4-460e-8822-a46afab08950", "fields": {"child_name": "Mohammad Shahrul Ashaz", "email": "ayishaashraf257@gmail.com", "phone": "7411297257", "message": "Studying in nursery.. 4 year age", "is_checked": false, "timestamp": "2023-10-06T08:46:53.351Z"}}, {"model": "core.contact", "pk": "91be62ee-8743-4aa7-aca7-17608a234bfb", "fields": {"child_name": "Hithen", "email": "sheenaaleema@gmail.com", "phone": "9495584011", "message": "Class", "is_checked": false, "timestamp": "2024-12-14T02:29:11.809Z"}}, {"model": "core.contact", "pk": "92e4438f-1a4a-4802-baec-fa77ddf31a8e", "fields": {"child_name": "Laiba Cholassery", "email": "jeseelch@gmail.com", "phone": "0539343086", "message": "We are abroad. You can contact me WhatsApp 00966 539343086.", "is_checked": false, "timestamp": "2025-03-13T10:19:49.785Z"}}, {"model": "core.contact", "pk": "93971523-3ba5-45d3-85cb-8339ced9f380", "fields": {"child_name": "Maryam sajif", "email": "sajeena.sajif@gmail.com", "phone": "0524209656", "message": "How about classes", "is_checked": false, "timestamp": "2025-02-21T05:45:26.860Z"}}, {"model": "core.contact", "pk": "93d5893e-ae93-40b4-9891-a301c31d135d", "fields": {"child_name": "Ezzah", "email": "faseelamusthafa11@gmail.com", "phone": "6282947100", "message": "Free demo class", "is_checked": false, "timestamp": "2023-03-28T11:07:26.855Z"}}, {"model": "core.contact", "pk": "9640c436-f855-4bfc-8dd4-0b2558c4ae17", "fields": {"child_name": "Advik R", "email": "ankinaik3@gmail.com", "phone": "9188434717", "message": "He is very lazy to study and write", "is_checked": false, "timestamp": "2023-06-01T08:32:51.918Z"}}, {"model": "core.contact", "pk": "966e98ce-72a2-460f-8744-cc2e56477ada", "fields": {"child_name": "Adhya Harivishnu", "email": "priyankashibu2015@gmail.com", "phone": "8848806207", "message": "Spoken English class for a 7 year old", "is_checked": false, "timestamp": "2025-06-20T03:57:21.807Z"}}, {"model": "core.contact", "pk": "9830773c-7761-4c2f-bf06-7962b590a6b5", "fields": {"child_name": "Nylah Maryam", "email": "farzushakeel@gmail.com", "phone": "9895095104", "message": "I am from oman. Basically from kerala\nMy child studyung ukg.. I need to help her im reading", "is_checked": false, "timestamp": "2022-09-24T05:35:32.356Z"}}, {"model": "core.contact", "pk": "9837af40-37c8-4568-b645-ae1227046307", "fields": {"child_name": "Aradhya renjith", "email": "nairpraseetha48@gmail.com", "phone": "9061103423", "message": "Class plz", "is_checked": false, "timestamp": "2023-06-16T03:21:15.839Z"}}, {"model": "core.contact", "pk": "98501e24-0693-491b-ae38-90a236c5b750", "fields": {"child_name": "Mohammed Iyas Chankarath", "email": "vadoodc@gmail.com", "phone": "9847397079", "message": "Please share more details and arrange a demo session.", "is_checked": false, "timestamp": "2023-12-31T14:43:29.789Z"}}, {"model": "core.contact", "pk": "985219c3-ab19-4300-a43c-5de440d9e200", "fields": {"child_name": "Fazza Ibrahim", "email": "fasicms13@gmail.com", "phone": "09496995706", "message": "I would like to know more about your little genie", "is_checked": false, "timestamp": "2024-07-25T11:51:49.721Z"}}, {"model": "core.contact", "pk": "985e3b39-e2f7-45fd-93a2-c44e576e1bbd", "fields": {"child_name": "EWAAN RUWAIFI", "email": "nadhakdy@gmail.com", "phone": "0501751446", "message": "I want a free trail class to confirm the admission for my son", "is_checked": false, "timestamp": "2025-01-15T09:23:37.977Z"}}, {"model": "core.contact", "pk": "99a1b2ea-cfed-4962-b633-456820478132", "fields": {"child_name": "Nyha Zehrin", "email": "jahanashirinp97@gmail.com", "phone": "9037551696", "message": "Age 3.5 years", "is_checked": false, "timestamp": "2025-07-11T09:36:42.643Z"}}, {"model": "core.contact", "pk": "9acbc350-c294-49b0-89ae-635f172b2a3d", "fields": {"child_name": "Sumayya Km", "email": "Munisumi777@gmail.com", "phone": "9744434495", "message": "Yes", "is_checked": false, "timestamp": "2023-06-13T17:10:36.517Z"}}, {"model": "core.contact", "pk": "9b978423-4a99-4b54-9ab1-93d3d488501a", "fields": {"child_name": "Nehal K Akhil", "email": "launchtokavya@gmail.com", "phone": "9074166148", "message": "Know more about the course and admission procedure.thank you", "is_checked": false, "timestamp": "2022-11-03T04:40:31.174Z"}}, {"model": "core.contact", "pk": "9c436cd8-7e20-4b3e-9287-945fc5e9f826", "fields": {"child_name": "Henza Emin", "email": "najathafsana@gmail.com", "phone": "9562388379", "message": "I need to know about little genie course for my 3.4 yrs old daughter", "is_checked": false, "timestamp": "2025-03-04T13:26:37.341Z"}}, {"model": "core.contact", "pk": "9da4800b-704f-4860-88ab-f77814b657fe", "fields": {"child_name": "Dhruvan", "email": "jyothipriyabodhi@gmail.com", "phone": "9846402219", "message": "Hai can you please share the details of the course? My baby is 2 years and  3 months old.", "is_checked": false, "timestamp": "2025-06-30T10:49:54.818Z"}}, {"model": "core.contact", "pk": "9db4016f-0cc7-4278-864c-0e9bf8e0d0a9", "fields": {"child_name": "A KAVIN", "email": "angurajcbe@gmail.com", "phone": "9787406111", "message": "My son A.KAVIN, 5yr aged kid studying ukg from coimbatore tamilnadu..Kindly provide us a demo session", "is_checked": false, "timestamp": "2024-02-03T05:54:13.512Z"}}, {"model": "core.contact", "pk": "9f806c2b-e891-45c4-8455-7ee23528a5a9", "fields": {"child_name": "Anas", "email": "Fathimaaslaha7@gmail.com", "phone": "9633116968", "message": "My son hez learning for the first time even I dint join him any pre school", "is_checked": false, "timestamp": "2023-06-06T07:47:57.998Z"}}, {"model": "core.contact", "pk": "9f8b10e8-4860-4e22-8e4e-1c09bca0ef2f", "fields": {"child_name": "Shivadhyan. K", "email": "Sreedijanijil92@gmail.com", "phone": "8943729536", "message": "Ithil cheruvan thalparyam und", "is_checked": false, "timestamp": "2023-06-09T06:53:49.383Z"}}, {"model": "core.contact", "pk": "a03bdf2c-d7bb-41c7-a057-f45a8dbe6abc", "fields": {"child_name": "Nahwa Noufal", "email": "sameeeranoufal@gmail.com", "phone": "7902513034", "message": "My child is 4 years old.", "is_checked": false, "timestamp": "2024-11-01T08:41:29.301Z"}}, {"model": "core.contact", "pk": "a128d073-f0f0-480d-9614-ff5b6216f89f", "fields": {"child_name": "Shezan", "email": "moideen.renshi@Gmail.Com", "phone": "9072515396", "message": "Want to know about your little genie programme", "is_checked": false, "timestamp": "2023-09-07T10:45:21.583Z"}}, {"model": "core.contact", "pk": "a427fc1b-43e5-49cf-897c-2441522b18ff", "fields": {"child_name": "Izza Mehreen", "email": "shabuangels@gmail.com", "phone": "9656218129", "message": "We are from sharjah my baby is afraid of English from home I taught only our mother tongue.she feels so lazy when we start to write.bt she loves to hear stories and do some crafts.", "is_checked": false, "timestamp": "2023-06-14T02:46:21.577Z"}}, {"model": "core.contact", "pk": "a4586d9a-2eab-47c0-9afa-bd9facf6243c", "fields": {"child_name": "Joana", "email": "chintupriya333@gmail.com", "phone": "8943182199", "message": "Want to know about your class", "is_checked": false, "timestamp": "2024-05-23T10:05:42.921Z"}}, {"model": "core.contact", "pk": "a4c84557-4b3f-40e2-99d5-9be278f1cca4", "fields": {"child_name": "Shazia", "email": "minnufarseenamp@gmail.com", "phone": "8086383091", "message": "I need a demo class to know more about this course", "is_checked": false, "timestamp": "2023-05-30T13:43:22.654Z"}}, {"model": "core.contact", "pk": "a64b26ad-0398-4b94-97b1-877fdd20998f", "fields": {"child_name": "Eisa Alan", "email": "sunaijamaal@gmail.com", "phone": "9605613725", "message": "Please contact back as soon as possible. would like to know course duration and fees structure", "is_checked": false, "timestamp": "2024-05-28T10:46:39.387Z"}}, {"model": "core.contact", "pk": "a71e1d82-8503-4712-9016-3c503e023df8", "fields": {"child_name": "NIHARIKA", "email": "veenar2014@rediffmail.com", "phone": "09447864142", "message": "I want to know the fee amount for LKG.", "is_checked": false, "timestamp": "2024-03-30T17:06:48.731Z"}}, {"model": "core.contact", "pk": "a76fa236-164d-4bb9-ba20-2c7862603c3d", "fields": {"child_name": "Sakiya", "email": "Sakiyaka2@Gmail.com", "phone": "9400920441", "message": "I want know about career vacancy", "is_checked": false, "timestamp": "2025-07-01T08:14:21.051Z"}}, {"model": "core.contact", "pk": "a8519aca-c00c-4842-bb52-f0e45b563b44", "fields": {"child_name": "Jorden Mathew", "email": "ramyarajeshjorden@gmail.com", "phone": "9061622362", "message": "I just want to know the fees of this little gene program... He is 5 yrs old, needs improvement in English language...", "is_checked": false, "timestamp": "2022-11-25T07:56:03.558Z"}}, {"model": "core.contact", "pk": "a868f989-0ac2-4b48-bec4-46f97ef37183", "fields": {"child_name": "Izwah Mariyam", "email": "shahalasulthana123@gmail.com", "phone": "6238628414", "message": "Pre nursery classes", "is_checked": false, "timestamp": "2023-10-18T09:44:43.820Z"}}, {"model": "core.contact", "pk": "a94b7ea6-e808-41dc-9d17-a020b74bfb27", "fields": {"child_name": "Prem shankar", "email": "sandhyasouparnika@gmail.com", "phone": "9446382306", "message": "I would like to know the details of this course for enrolling my 5 year old son", "is_checked": false, "timestamp": "2023-04-27T11:44:45.968Z"}}, {"model": "core.contact", "pk": "a995ff36-1abf-4108-9105-7da4a350401f", "fields": {"child_name": "Haizariyas", "email": "hashbeenariyas.123@gmail.com", "phone": "9562007236", "message": "My daughter is in KG 1", "is_checked": false, "timestamp": "2024-07-07T07:40:56.444Z"}}, {"model": "core.contact", "pk": "abb63948-f8aa-4656-a61b-4494cecc23f0", "fields": {"child_name": "Rohan", "email": "pubgktkl@gmail.com", "phone": "9995756879", "message": "I'd like to know the rate for the courses", "is_checked": false, "timestamp": "2023-11-03T13:26:06.665Z"}}, {"model": "core.contact", "pk": "abf931b5-b4dd-4060-8726-aad8dace7a98", "fields": {"child_name": "Angel maria", "email": "reshinsimson@gmail.com", "phone": "7025039172", "message": "What will be fees", "is_checked": false, "timestamp": "2023-06-05T13:11:21.588Z"}}, {"model": "core.contact", "pk": "ae1b2587-6145-4d67-a0af-06d5a0c76a02", "fields": {"child_name": "Bala", "email": "chithrapasad08@gmail.com", "phone": "9388036621", "message": "Can you please let me know your pricing for the service Little Genie", "is_checked": false, "timestamp": "2023-10-29T02:03:32.235Z"}}, {"model": "core.contact", "pk": "ae690044-f770-4acc-972a-8a2d0dfce80b", "fields": {"child_name": "Arsh", "email": "Thesivrasak@gmail.com", "phone": "8547204060", "message": "Free demo class", "is_checked": false, "timestamp": "2025-02-14T12:05:17.346Z"}}, {"model": "core.contact", "pk": "af42e9fe-64a8-4426-99ff-0a2a7994c6cc", "fields": {"child_name": "Dua", "email": "shibnariaz22@gmail.com", "phone": "9745076767", "message": "Hii", "is_checked": false, "timestamp": "2023-06-28T04:45:57.813Z"}}, {"model": "core.contact", "pk": "afaeed06-c800-467f-8815-a323a56fe163", "fields": {"child_name": "Adwaith Adarsh Nair", "email": "jayasreeas12@gmail.com", "phone": "8590697802", "message": "Hi I would like to book a demo class for my 4 year old .\nThank you", "is_checked": false, "timestamp": "2023-03-05T17:28:25.658Z"}}, {"model": "core.contact", "pk": "b10e47db-8b08-465c-af71-fe10152697eb", "fields": {"child_name": "Kiran jith. K", "email": "neethuranjith2013@gmail.com", "phone": "9645660421", "message": "Need to know about the course and thing's", "is_checked": false, "timestamp": "2025-06-13T06:59:32.658Z"}}, {"model": "core.contact", "pk": "b30f4572-b1ce-4980-b419-5e970ea41802", "fields": {"child_name": "Dua Amal", "email": "zeenathn@outlook.com", "phone": "0504737427", "message": "Online classes for 4 year old", "is_checked": false, "timestamp": "2024-05-19T08:59:29.336Z"}}, {"model": "core.contact", "pk": "b41f2c72-ce77-4e4c-8d41-141ef3a1c74a", "fields": {"child_name": "Fiaza Faisal", "email": "faisalekvlpy@gmail.com", "phone": "9495574623", "message": "Preprimary course", "is_checked": false, "timestamp": "2024-01-04T19:03:35.099Z"}}, {"model": "core.contact", "pk": "b5d11070-ee84-4ea4-a048-017f6b6dbe0f", "fields": {"child_name": "Rishik Rahul", "email": "aishu10anu@gmail.com", "phone": "8939497537", "message": "Lkg student", "is_checked": false, "timestamp": "2023-01-31T05:14:26.263Z"}}, {"model": "core.contact", "pk": "b5f9bba9-5b6d-404b-a580-6d8eeb2b5b52", "fields": {"child_name": "Naura mehnoor", "email": "insafbinsalam1416@gmail.com", "phone": "7034124047", "message": "Hi\nLemme know fee structure and timing of little genie.", "is_checked": false, "timestamp": "2023-08-17T18:24:30.292Z"}}, {"model": "core.contact", "pk": "b7cc3afa-3eb8-4d61-b30a-6980aa41398a", "fields": {"child_name": "Mohmmed Iyas", "email": "Jasnabanuc@gmail.com", "phone": "9995592407", "message": "Hi", "is_checked": false, "timestamp": "2024-08-20T10:31:49.205Z"}}, {"model": "core.contact", "pk": "b9f2e482-60d8-46a2-8806-2b2af84134a1", "fields": {"child_name": "Zara Anzal", "email": "roshnaahammed@gmail.com", "phone": "9037372574", "message": "Demo class", "is_checked": false, "timestamp": "2024-08-21T10:28:19.216Z"}}, {"model": "core.contact", "pk": "ba015a25-0d76-4838-9431-2b6cf529d101", "fields": {"child_name": "Aradhya renjith", "email": "nairpraseetha48@gmail.com", "phone": "9061103423", "message": "Calls plzz", "is_checked": false, "timestamp": "2023-06-16T05:49:41.588Z"}}, {"model": "core.contact", "pk": "babdac4e-1351-41da-b9f0-eed6f4258648", "fields": {"child_name": "Hala Ain Fazil", "email": "cknaji@gmail.com", "phone": "8848712605", "message": "Demo class little genie", "is_checked": false, "timestamp": "2023-05-28T09:17:55.188Z"}}, {"model": "core.contact", "pk": "bb043cb5-77b6-4bf8-b3f8-237203e91b40", "fields": {"child_name": "Zaman Azraq Aboobacker", "email": "Shanalshifa@gmail.com", "phone": "9516511111", "message": "English Alfabets sound pronunciation is difficult.", "is_checked": false, "timestamp": "2023-10-26T05:49:45.097Z"}}, {"model": "core.contact", "pk": "bb3b5cc1-40b2-4c82-8f03-7f5aaebc8a30", "fields": {"child_name": "dhruvan", "email": "snehamohan11293@gmail.com", "phone": "9446381880", "message": "my son is 4 years old.", "is_checked": false, "timestamp": "2024-03-07T07:06:14.879Z"}}, {"model": "core.contact", "pk": "bb85d2ef-8cd5-4647-a882-69837668be2d", "fields": {"child_name": "Naieyl Nisar", "email": "ayshaminaz08@gmail.com", "phone": "8431031202", "message": "I want to know about the study program, fee structure, timings and duration.", "is_checked": false, "timestamp": "2024-03-04T11:56:08.729Z"}}, {"model": "core.contact", "pk": "bbc7d70c-fd67-434b-998a-8d4dfb57ce72", "fields": {"child_name": "avnika", "email": "aswathyvgopi@gmail.com", "phone": "8921169245", "message": "I want a demo class for my child. she is 3 and half years old. I couldn't find out the free structure of this programme. Hope you guys connect with me and let me know the same", "is_checked": false, "timestamp": "2023-02-13T12:13:55.013Z"}}, {"model": "core.contact", "pk": "bc1f0f13-f40f-4930-af78-5c353db958dc", "fields": {"child_name": "Mariyam Nazwa", "email": "Shazamariyam@gmail.com", "phone": "9447909316", "message": "Hii", "is_checked": false, "timestamp": "2023-06-13T18:32:01.611Z"}}, {"model": "core.contact", "pk": "be5434ab-4b95-4d9d-90d2-dbb93e683894", "fields": {"child_name": "Izwah", "email": "shahalasulthana123@gmail.com", "phone": "6238628414", "message": "she needs some basic how to read and write", "is_checked": false, "timestamp": "2023-10-18T09:38:15.829Z"}}, {"model": "core.contact", "pk": "bf117858-6811-4fc9-8742-3988d415ef5a", "fields": {"child_name": "Sujitha Sudhakaran", "email": "Sujitha.sudhakaran@gmail.com", "phone": "9930016599", "message": "Hi \nI stay in Mumbai and my child is 3.yrs old \nShe is in nursery now … i wanted to understand more on the little genie program … can you pls connect", "is_checked": false, "timestamp": "2024-05-19T04:57:23.946Z"}}, {"model": "core.contact", "pk": "c02840e9-7576-4fa2-868f-bc152780e066", "fields": {"child_name": "Sufeekath", "email": "Sufeekathfahad@gmail.com", "phone": "9535667072", "message": "Would like know about the programs available", "is_checked": false, "timestamp": "2025-07-06T09:35:57.632Z"}}, {"model": "core.contact", "pk": "c0e06d59-ded9-4483-a92a-c7241e29775d", "fields": {"child_name": "Nathan V Tharakam", "email": "merinabrahamhere@gmail.com", "phone": "09630194375", "message": "Want to enroll", "is_checked": false, "timestamp": "2024-03-31T05:33:09.372Z"}}, {"model": "core.contact", "pk": "c1eaf02c-a054-4011-a85a-05e3a753d656", "fields": {"child_name": "Vasudev Sujith", "email": "devika.arangath@yahoo.com", "phone": "8884831348", "message": "Hi Team, \nI'm Devika, mother of Vasudev, he's 4years old and joined KG1 this year. We're looking for a class such that he gets to know the basics well. I would like to know the details of the Little Genie program.\n\nThanks\nDevika", "is_checked": false, "timestamp": "2023-06-14T11:21:45.745Z"}}, {"model": "core.contact", "pk": "c3508f05-1762-4122-b08c-9a7744909d18", "fields": {"child_name": "Aalim bin ali", "email": "ayshafathim0@gmail.com", "phone": "7902472703", "message": "My son is in grade 1 ...He is studying in indian school salalah now he is in vacation we are in kochin ...he is having difficulty in reading ...I need to improve his reading skill more over he doesnt like to attend online classes but i will manage it ..", "is_checked": false, "timestamp": "2025-06-19T13:38:38.773Z"}}, {"model": "core.contact", "pk": "c3e5aed5-d66a-4f50-9762-bd8ccdfb2735", "fields": {"child_name": "Revansh S", "email": "shilja247@gmail.com", "phone": "8281660630", "message": "My child is 3.5 years old. Want to know whether he can join the class", "is_checked": false, "timestamp": "2022-10-02T17:08:21.884Z"}}, {"model": "core.contact", "pk": "c42f83ce-72ab-4152-836b-1f12ba3bf0e2", "fields": {"child_name": "Aizan Razmil", "email": "Shafanarinu6@gmail.com", "phone": "9539362465", "message": "Need A demo class for my 3 year old boy", "is_checked": false, "timestamp": "2025-01-08T09:46:26.295Z"}}, {"model": "core.contact", "pk": "c4e38b62-e8b1-4a5e-980f-1550b5dfe83a", "fields": {"child_name": "pradeep", "email": "dewilraj17@gmail.com", "phone": "8764402217", "message": "hello i want to connect the company", "is_checked": false, "timestamp": "2023-08-23T05:29:57.295Z"}}, {"model": "core.contact", "pk": "c4f9b219-7366-4212-8798-adda3adb6b68", "fields": {"child_name": "Noor deedha", "email": "fazilahind.fh@gmail.com", "phone": "7994943079", "message": "Phone no : 0552566764\nWhatsApp no:7994943079\n4 Yr old", "is_checked": false, "timestamp": "2024-09-11T06:33:54.554Z"}}, {"model": "core.contact", "pk": "c6c208c4-f730-40cd-869d-d5f475d4ea42", "fields": {"child_name": "Annbee leeto", "email": "sarigasagaranuraj862@gmail.com", "phone": "8111820958", "message": "STD 1", "is_checked": false, "timestamp": "2023-06-14T05:25:57.892Z"}}, {"model": "core.contact", "pk": "c6d59058-ce56-4506-851f-0466895873e5", "fields": {"child_name": "Heza mehzin", "email": "Afsalkaliyath92@gmail.com", "phone": "7034390911", "message": "I have a daughter", "is_checked": false, "timestamp": "2023-06-08T16:50:35.216Z"}}, {"model": "core.contact", "pk": "c780e8aa-cdbb-452f-a864-4f8109b6f219", "fields": {"child_name": "Akhila", "email": "aakhilajebin@gmail.com", "phone": "7034468769", "message": "Job vacancy", "is_checked": false, "timestamp": "2024-12-31T13:24:42.893Z"}}, {"model": "core.contact", "pk": "c7a2b26a-b3e4-4d3c-9603-52e738b439ea", "fields": {"child_name": "Jiya", "email": "nadhiyakk@gmail.com", "phone": "9008558822", "message": "Info about online kg class", "is_checked": false, "timestamp": "2023-06-02T16:55:50.883Z"}}, {"model": "core.contact", "pk": "c81fee6a-3edb-4b73-90ed-cfd2cf217e14", "fields": {"child_name": "Ewaan Ruwaifi", "email": "nadhakdy@gmail.com", "phone": "0501751446", "message": "Iam Nadha ,in uae working as a teacher\nMy son is 3.5 years old ,He is very active but started talking little late \nPlease help me to find his needs", "is_checked": false, "timestamp": "2025-01-15T09:25:42.040Z"}}, {"model": "core.contact", "pk": "c871c3c7-3317-44f7-88ba-a7fa98cdf3ee", "fields": {"child_name": "ccc", "email": "cccc@gamil.com", "phone": "9999999999", "message": "6", "is_checked": false, "timestamp": "2025-07-15T05:06:38.518Z"}}, {"model": "core.contact", "pk": "c943fab0-0249-4a8f-b161-9945a0d72c50", "fields": {"child_name": "Khadeeja Mehar", "email": "Vassi364@gmail.com", "phone": "6282693589", "message": "I want to know more about this course", "is_checked": false, "timestamp": "2023-03-14T01:40:46.893Z"}}, {"model": "core.contact", "pk": "c9fa522a-24c3-4609-84ad-4197963fa732", "fields": {"child_name": "Aadvik Krishna s", "email": "sanathchinju@gmail.com", "phone": "9747478998", "message": "Class", "is_checked": false, "timestamp": "2023-06-14T08:03:47.564Z"}}, {"model": "core.contact", "pk": "caa8221f-a3f7-4167-8e72-aacb63733a0c", "fields": {"child_name": "Aimal lail", "email": "nesmasaidaly94@gmail.com", "phone": "09656470044", "message": "Know about the classes", "is_checked": false, "timestamp": "2023-05-11T09:42:28.582Z"}}, {"model": "core.contact", "pk": "cba393e7-b110-4d91-bb2b-cdef459fbb52", "fields": {"child_name": "Mohammed Azan. T", "email": "khamarunneesayasir@gmail.com", "phone": "9207214520", "message": "Little genie", "is_checked": false, "timestamp": "2024-12-20T14:48:41.778Z"}}, {"model": "core.contact", "pk": "cbfddafb-69be-4917-a7b6-8daf8d9c58d5", "fields": {"child_name": "Eifa Fathima", "email": "kadheejafathimashafeek@gmail.com", "phone": "6238554113", "message": "Im interested in joining the classes, please let me know the details.", "is_checked": false, "timestamp": "2023-06-01T06:38:28.790Z"}}, {"model": "core.contact", "pk": "cc19d0ca-ad5e-4469-b829-d7be96c63d69", "fields": {"child_name": "Aifa fathima", "email": "fasnanows@gmail.com", "phone": "33179758", "message": "I want my child to have basic knowledge of reading writing and coloring etc and an atmosphere  to know new things apart from school", "is_checked": false, "timestamp": "2022-09-06T12:53:05.063Z"}}, {"model": "core.contact", "pk": "cc1af44d-0882-47a3-a60c-5a841534ef02", "fields": {"child_name": "Aladdin Ashish", "email": "neethushabar@gmail.com", "phone": "7012172526", "message": "My son is 3 and a half years old. He has problem with writing and using English language.", "is_checked": false, "timestamp": "2024-08-08T14:41:51.253Z"}}, {"model": "core.contact", "pk": "cd13973c-5410-4598-b69d-08dc3a87af99", "fields": {"child_name": "Mahad Ehzan K", "email": "hashiq@gmail.com", "phone": "09744195601", "message": "I would like to know about the courses for preschool child", "is_checked": false, "timestamp": "2024-01-24T04:33:33.010Z"}}, {"model": "core.contact", "pk": "cd386a88-c225-4bb7-a651-f44cf9501d7e", "fields": {"child_name": "Ishaan sankar", "email": "pranithasankar@gmail.com", "phone": "9483002005", "message": "Please contact me through email. My son is 4years old. We are interested in your class. Please give a demo class \nThank you", "is_checked": false, "timestamp": "2023-05-02T02:19:08.445Z"}}, {"model": "core.contact", "pk": "cd58e2d7-1ac0-4f8d-a294-05e2dc3033ce", "fields": {"child_name": "Manu madhav", "email": "divyadevu08@gmail.com", "phone": "8086040537", "message": "Writing message for my 3yr old son and  as his mother I’m interested to find out best for him .so kindly request you to have a trial session", "is_checked": false, "timestamp": "2024-05-23T01:41:57.862Z"}}, {"model": "core.contact", "pk": "cdb23cac-2082-4fd2-b20b-ffb45222d78c", "fields": {"child_name": "Dhruvan V Kumar", "email": "karthivishnu105@gmail.com", "phone": "97766084", "message": "I am homeschooling my son..so need a support..", "is_checked": false, "timestamp": "2023-06-10T20:16:39.050Z"}}, {"model": "core.contact", "pk": "ce07962f-3aa8-4f80-9056-329a54f7b4e3", "fields": {"child_name": "Alankrutha Aneesh", "email": "aryavs75@gmail.com", "phone": "8921563053", "message": "Please provide a free class for my 3.5 yr old little princess", "is_checked": false, "timestamp": "2024-05-21T12:39:06.262Z"}}, {"model": "core.contact", "pk": "ce2232d4-647c-40fd-99ae-ea92ea92c17f", "fields": {"child_name": "Tarini", "email": "nayanan370@gmail.com", "phone": "8304828972", "message": "Hello I would like to know about the little genie program that ur provide for 3-5 years old kids", "is_checked": false, "timestamp": "2025-06-19T09:39:09.108Z"}}, {"model": "core.contact", "pk": "cecfe0b0-cdb6-433c-996b-1d0f56f66344", "fields": {"child_name": "Adam", "email": "safathasnieptvr@gmail.com", "phone": "8590855574", "message": "A class for trial", "is_checked": false, "timestamp": "2024-06-03T06:27:19.034Z"}}, {"model": "core.contact", "pk": "cff148f7-1c58-458c-af9e-005486925914", "fields": {"child_name": "Adam", "email": "Safnaamal173@gmail.com", "phone": "7034340831", "message": "I want to know more about this course", "is_checked": false, "timestamp": "2024-03-09T13:24:19.137Z"}}, {"model": "core.contact", "pk": "d07cb263-92a5-4a07-9658-9a3b20acb6f6", "fields": {"child_name": "Khadija", "email": "rebianees2008@gmail.com", "phone": "09947158445", "message": "Need a  class", "is_checked": false, "timestamp": "2023-11-04T05:26:00.665Z"}}, {"model": "core.contact", "pk": "d108b9cf-4723-4f20-8a3d-ecbee88e26ef", "fields": {"child_name": "AIZAM", "email": "afsathsinu@gmal.com", "phone": "0502421203", "message": "pls contact", "is_checked": false, "timestamp": "2025-01-25T17:51:08.765Z"}}, {"model": "core.contact", "pk": "d1342286-c83a-4934-bcd2-6966bff5052f", "fields": {"child_name": "Adhidev", "email": "achuani91@gmail.com", "phone": "7356453131", "message": "Want to know more details", "is_checked": false, "timestamp": "2023-02-09T05:05:30.355Z"}}, {"model": "core.contact", "pk": "d23bf75a-8cbf-46fb-b534-44c21fa8e64d", "fields": {"child_name": "FAMITHA Vm", "email": "vmfamitha@gmail.com", "phone": "9961966911", "message": "Hii", "is_checked": false, "timestamp": "2023-06-13T10:09:28.199Z"}}, {"model": "core.contact", "pk": "d3dddf3c-458f-4841-be98-7f5271ee754a", "fields": {"child_name": "Avani", "email": "salinivipin11@gmail.com", "phone": "9744211415", "message": "I am interested can pls send the details", "is_checked": false, "timestamp": "2023-05-20T00:46:28.069Z"}}, {"model": "core.contact", "pk": "d5223409-9cbc-4878-ae79-51bce2e0272e", "fields": {"child_name": "Aisha", "email": "saadiyaabubacker@gmail.com", "phone": "7012201486", "message": "I need a free class trial", "is_checked": false, "timestamp": "2023-06-15T03:52:17.607Z"}}, {"model": "core.contact", "pk": "d59e71fe-a937-468c-8735-46babc174e6a", "fields": {"child_name": "Asmin Nooh", "email": "femilack@gmail.com", "phone": "9446019420", "message": "Class for 5?years old", "is_checked": false, "timestamp": "2025-02-22T06:49:02.321Z"}}, {"model": "core.contact", "pk": "d6835665-55b4-4fcb-b787-f1d673c6486c", "fields": {"child_name": "Pahal rajeevan", "email": "rajeevanreshma10@gmail.com", "phone": "8289907745", "message": "Hai", "is_checked": false, "timestamp": "2024-01-23T12:20:17.325Z"}}, {"model": "core.contact", "pk": "d685d9fa-8022-49cc-aa9b-9c48d1b46921", "fields": {"child_name": "Duaa Mehak", "email": "zainabwafa@gmail.com", "phone": "8113088990", "message": "For grade 2 student", "is_checked": false, "timestamp": "2023-08-29T06:18:25.226Z"}}, {"model": "core.contact", "pk": "d80ac69f-1aba-4f05-8539-407c7db0715d", "fields": {"child_name": "Maryam daneen shan", "email": "Dilshanmohammed4u.1@gmail.com", "phone": "9895775569", "message": "Pre lkg class", "is_checked": false, "timestamp": "2023-05-19T12:02:49.489Z"}}, {"model": "core.contact", "pk": "d82ebb23-0b70-4fdf-bf31-2c0be9c51b48", "fields": {"child_name": "FATIMA", "email": "fkhanss@gmail.com", "phone": "0508452272", "message": "looking pre school", "is_checked": false, "timestamp": "2024-02-12T17:02:52.468Z"}}, {"model": "core.contact", "pk": "d8974439-f020-4d58-953d-16d9171124b4", "fields": {"child_name": "Milan", "email": "mmini296@gmail.com", "phone": "7356187607", "message": "Want to check the quality of teaching and to know cost per month", "is_checked": false, "timestamp": "2023-02-15T15:37:20.532Z"}}, {"model": "core.contact", "pk": "d95440f2-ab9f-4ff1-827f-54fc500b5327", "fields": {"child_name": "Mohamed yaseen", "email": "arifkadavallur@gmail.com", "phone": "6238541375", "message": "this is for my child ,age 3.5", "is_checked": false, "timestamp": "2022-06-22T11:20:10.773Z"}}, {"model": "core.contact", "pk": "d9d13d4e-7f1a-427a-b6a2-117a6094c2b4", "fields": {"child_name": "Inaaya Laiba", "email": "anees.ck@gmail.com", "phone": "7353417555", "message": "Need more information.", "is_checked": false, "timestamp": "2023-05-24T17:53:41.308Z"}}, {"model": "core.contact", "pk": "da3cb127-511f-47f4-afaf-4d74af714869", "fields": {"child_name": "Sradha nidhin", "email": "shainee1987@gmail.comN", "phone": "9895351132", "message": "How to join in this program", "is_checked": false, "timestamp": "2022-06-21T01:00:10.062Z"}}, {"model": "core.contact", "pk": "da6fef17-9c7c-48fa-b216-a1e714b30c24", "fields": {"child_name": "RAHAEL", "email": "jithinkoshy2019@gmail.com", "phone": "7909225128", "message": "Hai....\nMy kid is 4.5 years old. Please let me know the course details, the fees and an online demo class.", "is_checked": false, "timestamp": "2024-05-04T05:36:21.032Z"}}, {"model": "core.contact", "pk": "db58e281-8f46-4ea3-8c87-3913474f2b60", "fields": {"child_name": "Hezlin Fathima", "email": "sahlast7@gmail.com", "phone": "8156897136", "message": "What is the fee", "is_checked": false, "timestamp": "2024-12-29T06:01:33.649Z"}}, {"model": "core.contact", "pk": "dbfc904d-554a-4063-968f-9591461cc8f3", "fields": {"child_name": "Hazwa nizar am", "email": "rahilabi@gmail.com", "phone": "9495486533", "message": "Hai", "is_checked": false, "timestamp": "2023-10-17T18:08:42.858Z"}}, {"model": "core.contact", "pk": "dda0f543-3b7c-4f26-834e-19bf684e2490", "fields": {"child_name": "Devananda", "email": "veenamohanarun@gmail.com", "phone": "9567537900", "message": "To learn English speaking skills", "is_checked": false, "timestamp": "2024-08-09T17:57:30.648Z"}}, {"model": "core.contact", "pk": "ddb857e1-93bc-44e7-8c39-a8c8cf917b45", "fields": {"child_name": "Nafisa", "email": "kadeejafebi@gmail.com", "phone": "0502418381", "message": "", "is_checked": false, "timestamp": "2023-06-01T12:57:04.477Z"}}, {"model": "core.contact", "pk": "de89a244-1902-41ca-a47b-1082389eda3f", "fields": {"child_name": "SHENNY", "email": "zhang.shenny@gmail.com", "phone": "7012745398", "message": "I would like to check if the class is effective for my kid", "is_checked": false, "timestamp": "2023-06-16T04:14:50.469Z"}}, {"model": "core.contact", "pk": "dfdd5415-a59c-4913-ac95-c179f66192d8", "fields": {"child_name": "Muhammad sahal T s", "email": "Shanashal@gmail.com", "phone": "9961540188", "message": "I would like to stady little genie online class", "is_checked": false, "timestamp": "2023-05-19T13:09:42.792Z"}}, {"model": "core.contact", "pk": "e01bec9b-732d-45e2-be07-e3a827ba9916", "fields": {"child_name": "Saishwar Krishnan S", "email": "aishpadhu21@gmail.com", "phone": "9037590524", "message": "Hi am Aiswarya,mother of 5 year old kid.\nI would like to have a free class and need to know about the sessions you are giving in little genie program. We live in Riyadh, Saudi Arabia.\nMy number is +966530424591\nKindly contact me in the above mentioned Saudi number.", "is_checked": false, "timestamp": "2024-05-28T04:37:17.215Z"}}, {"model": "core.contact", "pk": "e120ef4d-db81-4f69-b018-39cda5f363d9", "fields": {"child_name": "Shemi Ashik", "email": "adhwaanashik@gmail.com", "phone": "9562924501", "message": "Hai iam shameena ashik. I want the classfor ma 6yrs child. His name is adhwaan. He cant read the small words,prounonunciation is not good, lazinness etc", "is_checked": false, "timestamp": "2023-06-01T10:25:08.014Z"}}, {"model": "core.contact", "pk": "e16a342d-5be0-4a2a-b50c-7dd190635e2c", "fields": {"child_name": "Akiff zaqwan", "email": "hisanashanu97@gmail.com", "phone": "7021581404", "message": "I want to improve his  learning skills and concentration", "is_checked": false, "timestamp": "2024-02-15T07:22:47.763Z"}}, {"model": "core.contact", "pk": "e175cfcb-dd51-4fe4-82ec-00032a021a0a", "fields": {"child_name": "Zehn", "email": "Artiloquy@gmail.com", "phone": "8593055187", "message": "Hi there, I would like to know if your classes are available outside India?", "is_checked": false, "timestamp": "2024-06-12T11:37:47.314Z"}}, {"model": "core.contact", "pk": "e25ee6ee-cac7-4568-b618-cc6eb3eb1ca5", "fields": {"child_name": "Neev Adarsh", "email": "sivaniadarsh@gmail.com", "phone": "9605691508", "message": "6year old.", "is_checked": false, "timestamp": "2022-11-08T00:53:53.038Z"}}, {"model": "core.contact", "pk": "e2f531f6-9c35-4b87-9190-01957d1b498c", "fields": {"child_name": "Hamdan", "email": "dilsathdilu27@gmail.com", "phone": "7306736770", "message": "For demo class", "is_checked": false, "timestamp": "2023-06-06T12:24:05.354Z"}}, {"model": "core.contact", "pk": "e3a06f81-a988-43a5-818f-f82a69186bc2", "fields": {"child_name": "Inaya fathima", "email": "nesarinnazer@gmail.com", "phone": "8156929517", "message": "1st standard", "is_checked": false, "timestamp": "2023-06-14T01:38:21.012Z"}}, {"model": "core.contact", "pk": "e541be7f-8417-443b-9fca-7b8ca6440ef1", "fields": {"child_name": "Amrin", "email": "S4sudheena@gmail.com", "phone": "7403230106", "message": "KG class", "is_checked": false, "timestamp": "2023-06-09T13:27:43.162Z"}}, {"model": "core.contact", "pk": "e5885236-28c9-4669-99e6-404faca34a61", "fields": {"child_name": "Zida mehazin", "email": "Ramshiiramsheeda@gmail.com", "phone": "8943392137", "message": "I want to join my daughter 3 years", "is_checked": false, "timestamp": "2023-08-03T08:33:09.955Z"}}, {"model": "core.contact", "pk": "e5a4f54a-ff20-4fdd-a079-c8c446d980f6", "fields": {"child_name": "Mohit", "email": "mohitsisodiya1801@gmai.com", "phone": "9165050283", "message": "Work from home", "is_checked": false, "timestamp": "2023-12-10T11:39:52.001Z"}}, {"model": "core.contact", "pk": "e627ef3e-956f-4401-a510-a5234a8df8ef", "fields": {"child_name": "Nevaeh Susan James", "email": "sinialex88@gmail.com", "phone": "9947781498", "message": "I want to know the details of the course", "is_checked": false, "timestamp": "2023-06-21T07:41:30.804Z"}}, {"model": "core.contact", "pk": "e698765a-9a93-435e-900c-f6317579b042", "fields": {"child_name": "Ainzama", "email": "pslesna@gmail.com", "phone": "09526956217", "message": "I want to join", "is_checked": false, "timestamp": "2024-06-24T08:12:59.284Z"}}, {"model": "core.contact", "pk": "e6afdbf7-8516-4230-9405-83fe20d60fdb", "fields": {"child_name": "Aayush", "email": "prajidas19@gmail.com", "phone": "09539122180", "message": "I needbto know more about this.My son is going to be in LKG(3 year completed in May)", "is_checked": false, "timestamp": "2023-09-18T14:30:23.991Z"}}, {"model": "core.contact", "pk": "e6f505cc-b949-4b6c-982a-42ef5d49edb1", "fields": {"child_name": "EVA EBIN", "email": "ebinvarghese1989@gmail.com", "phone": "0529213597", "message": "free class", "is_checked": false, "timestamp": "2024-03-18T19:39:13.438Z"}}, {"model": "core.contact", "pk": "e77579ee-bc62-4e90-b7e2-efed5ee710c2", "fields": {"child_name": "Izaan", "email": "faeezmushtaq@gmail.com", "phone": "96655506573", "message": "hi,", "is_checked": false, "timestamp": "2022-07-18T14:53:29.231Z"}}, {"model": "core.contact", "pk": "e831ce1a-4449-46f8-9fe8-ad7c3135eacd", "fields": {"child_name": "Rizwan", "email": "farhanmts4u@gmail.com", "phone": "9633689898", "message": "Price enquiries \nWeekly 1 class\nMalayalam", "is_checked": false, "timestamp": "2024-05-19T06:44:53.602Z"}}, {"model": "core.contact", "pk": "eae8d61b-8c1e-4262-8075-9df8df0dd42a", "fields": {"child_name": "Aysha elaf ayrin", "email": "Fathimahaneef09@gmail.com", "phone": "7736742242", "message": "My daughter is 4 years now.\nAm looking for online kindergarten", "is_checked": false, "timestamp": "2024-01-21T19:07:16.903Z"}}, {"model": "core.contact", "pk": "eb0a5756-a640-41f7-ad24-76e1cba36087", "fields": {"child_name": "Chris Ajil", "email": "divyajacob138@gmail.com", "phone": "96892182750", "message": "I would like to have a demo class", "is_checked": false, "timestamp": "2022-11-29T10:57:01.122Z"}}, {"model": "core.contact", "pk": "ec858d30-5312-4844-81e3-d57ab302782d", "fields": {"child_name": "Ann Mary Jimmy", "email": "jeevaj201@gmail.com", "phone": "9946855560", "message": "Intrested", "is_checked": false, "timestamp": "2022-07-18T07:33:27.889Z"}}, {"model": "core.contact", "pk": "ecb6e72f-d7c9-4319-a1bd-bdfede390c6a", "fields": {"child_name": "Sathwik R", "email": "ammuamoose@gmail.com", "phone": "8589070745", "message": "Need full details about this course", "is_checked": false, "timestamp": "2023-11-10T07:24:38.384Z"}}, {"model": "core.contact", "pk": "ed821111-291c-4bb9-ba64-bcb6f0e00549", "fields": {"child_name": "Advaith", "email": "advaith123@gmail.com", "phone": "7558850535", "message": "6 years old", "is_checked": false, "timestamp": "2023-11-30T06:54:22.491Z"}}, {"model": "core.contact", "pk": "ee106091-cb67-415f-a843-6cfc3b1d6f74", "fields": {"child_name": "Eiwah mezin", "email": "Febifezz@gmail.com", "phone": "9497234922", "message": "Hi", "is_checked": false, "timestamp": "2024-03-30T05:24:14.105Z"}}, {"model": "core.contact", "pk": "eead865c-d1b8-4001-ad97-d966b7100c87", "fields": {"child_name": "Hudaifa bin Mufeed", "email": "husnashireenk3@gmail.com", "phone": "6238489424", "message": "Demo class", "is_checked": false, "timestamp": "2025-01-11T04:37:08.595Z"}}, {"model": "core.contact", "pk": "f1afc8e4-7bc3-4fa7-b140-59cb96f60f1b", "fields": {"child_name": "Sraboni Mondal", "email": "srabonimndl21@gmail.com", "phone": "7278040040", "message": "Hi i want to book a class for my 3yrs kid", "is_checked": false, "timestamp": "2023-08-16T10:00:23.670Z"}}, {"model": "core.contact", "pk": "f265e680-a6a2-41d8-afcf-7a16a9107f0d", "fields": {"child_name": "Yadwik dibin", "email": "dibin2ch@gmail.com", "phone": "9946496553", "message": "demo class needed", "is_checked": false, "timestamp": "2024-05-11T16:24:25.763Z"}}, {"model": "core.contact", "pk": "f28a8345-a116-4caa-b21b-a8e6c294b800", "fields": {"child_name": "Aizam Ajmal", "email": "rasilarichu876@gmail.com", "phone": "0509774514", "message": "Little genie Free demo class", "is_checked": false, "timestamp": "2024-11-13T17:15:32.660Z"}}, {"model": "core.contact", "pk": "f3d97e1e-56e0-4fa1-8dd7-b2ac7baa6295", "fields": {"child_name": "Aiza fathima", "email": "Salsarameef@gmail.com", "phone": "9995727880", "message": "My baby aizu is 4 year’s old.she can join ur little genies course \n\nPlease tell me details.", "is_checked": false, "timestamp": "2023-09-01T11:32:33.188Z"}}, {"model": "core.contact", "pk": "f5d6f36a-342d-464b-97a0-d46b4ebb0389", "fields": {"child_name": "Haya Ilham", "email": "rubayyae@gmail.com", "phone": "08089326560", "message": "Best wishes", "is_checked": false, "timestamp": "2023-09-07T04:48:09.066Z"}}, {"model": "core.contact", "pk": "f5e82463-3008-4b07-81cb-1cdacb40e02d", "fields": {"child_name": "Sarah maryam asif", "email": "fathimafayiza69@gmail.com", "phone": "0561048077", "message": "I could like to join my daughter to ur little genje", "is_checked": false, "timestamp": "2024-01-23T06:53:37.861Z"}}, {"model": "core.contact", "pk": "f6504cf7-8ef8-46a6-872c-fbe254372db9", "fields": {"child_name": "Aidhen k", "email": "aswinis224@gmail.com", "phone": "7907732215", "message": "Interested in little genie \nPls provide more details abt the classes n fee str", "is_checked": false, "timestamp": "2023-10-02T06:02:48.575Z"}}, {"model": "core.contact", "pk": "f6ae77b1-6a71-4b67-ad77-5cca29ce1902", "fields": {"child_name": "Aizan razmil", "email": "Shafanarinu6@gmail.com", "phone": "9539362465", "message": "Need to know your packages", "is_checked": false, "timestamp": "2024-11-27T05:22:01.277Z"}}, {"model": "core.contact", "pk": "f6c8aec0-1a0a-4976-8a6f-63d7979cd7f2", "fields": {"child_name": "Uswa Ziya", "email": "nasihamoomin@gmail.com", "phone": "8590697245", "message": "3 years baby girl.", "is_checked": false, "timestamp": "2025-02-23T00:21:10.150Z"}}, {"model": "core.contact", "pk": "f77e4a32-9a76-4418-8029-eabeb70a49a7", "fields": {"child_name": "Zidan", "email": "zayedabdullah3@gmail.com", "phone": "9995710546", "message": "Pre kg", "is_checked": false, "timestamp": "2022-09-06T03:32:02.069Z"}}, {"model": "core.contact", "pk": "fa945110-94cf-4deb-876e-ac677398b1d3", "fields": {"child_name": "Emil aibak", "email": "ayishafajira27@gmail.com", "phone": "7736750971", "message": ".", "is_checked": false, "timestamp": "2023-06-05T11:40:08.085Z"}}, {"model": "core.contact", "pk": "fba0ddf7-d903-441d-bd24-10920e3038e9", "fields": {"child_name": "Haya", "email": "rameesaabdu@gmail.com", "phone": "8943176342", "message": "I need a prekg section for my kid.. how can u help me with this", "is_checked": false, "timestamp": "2023-06-25T16:21:38.182Z"}}, {"model": "core.contact", "pk": "fba84b12-3470-4936-aa65-65832f954ba9", "fields": {"child_name": "Dia", "email": "charlymchalil@gmail.com", "phone": "8075513143", "message": "I would like to know more about this programme", "is_checked": false, "timestamp": "2024-04-02T17:52:20.169Z"}}, {"model": "core.contact", "pk": "fbb48b5d-8b3f-40d1-a3b4-4966c2179179", "fields": {"child_name": "Mazha", "email": "rithubabu246@gmail.com", "phone": "8137972110", "message": "Hy", "is_checked": false, "timestamp": "2023-06-01T06:32:57.609Z"}}, {"model": "core.contact", "pk": "fbcdd3be-b4e9-46db-91ec-fd6c4769b8b7", "fields": {"child_name": "Izayus Mathew Kuriako", "email": "drnividas@gmail.com", "phone": "9495500145", "message": "Looking for spoken English classes for my toddler", "is_checked": false, "timestamp": "2025-02-06T19:56:30.478Z"}}, {"model": "core.contact", "pk": "fbea9feb-5f58-4dc3-b984-b393149edbcf", "fields": {"child_name": "Izin Hadhi", "email": "hasiba.096@gmail.com", "phone": "9535439651", "message": "Required classes for KG1", "is_checked": false, "timestamp": "2024-11-13T13:35:10.053Z"}}, {"model": "core.contact", "pk": "fc3456d0-22cd-468e-ba78-4258d8125584", "fields": {"child_name": "Aliyah Subhan", "email": "yahulhameed27@gmail.com", "phone": "06282584599", "message": "I want a demo class", "is_checked": false, "timestamp": "2024-02-20T00:18:15.054Z"}}, {"model": "core.contact", "pk": "fd1605a6-5e6c-45ab-be98-6ee4616f3774", "fields": {"child_name": "BaarizMuhammed. A", "email": "fathimareesa94@gmail.com", "phone": "9633964478", "message": "I want  to know the class duration fees structure", "is_checked": false, "timestamp": "2023-06-05T12:46:52.329Z"}}, {"model": "core.contact", "pk": "fe4d72cb-df20-431a-95ee-6e5cacc9f6d4", "fields": {"child_name": "Waniya bathool", "email": "rubybavu6@gmail.com", "phone": "8943516274", "message": "Contact", "is_checked": false, "timestamp": "2024-02-03T14:21:51.317Z"}}, {"model": "core.contact", "pk": "fedc29b7-a1cb-4ce5-ae89-636ad6af0adc", "fields": {"child_name": "Mohammed Aydin", "email": "hafeenackd@gmail.com", "phone": "7510948171", "message": "How to join", "is_checked": false, "timestamp": "2024-05-17T10:04:03.376Z"}}, {"model": "core.contact", "pk": "fef45053-92fb-49c8-a8a2-e842a7a77d60", "fields": {"child_name": "Ezan Ahmad", "email": "subairalnajah111@gmail.com", "phone": "0506454214", "message": "Want to know about little genie course", "is_checked": false, "timestamp": "2023-06-10T12:17:32.347Z"}}, {"model": "core.contact", "pk": "ffcedcf4-8e62-4fd1-b376-71ea565afde7", "fields": {"child_name": "Anaika", "email": "sherlybalsncs@gmail.com", "phone": "9995187921", "message": "", "is_checked": false, "timestamp": "2023-06-13T08:42:12.792Z"}}, {"model": "core.feature", "pk": "115eaf05-a4b3-4e75-aead-687cc6e17498", "fields": {"title": "Worksheets and Textbooks", "image": "worksheet-removebg-preview.png", "description": "We provide textbook series with a balanced, chronological presentation of informations according to the modern curriculums. Our Worksheets are more participative and mind provoking than any other mode of\r\nimparting education which makes them more creative"}}, {"model": "core.feature", "pk": "11e5bc2c-c39d-48e0-a258-56e92b1be70e", "fields": {"title": "Value Based Education", "image": "value_based_education.png", "description": "Value Education means teaching and learning of ideals. The aim is for students to understand moral values and show their good behavior and attitude towards society.It helps the students to develop the character and improves the inner and outer personality of the student."}}, {"model": "core.feature", "pk": "4322d015-3ae6-422e-b7e8-5ba09e1508e4", "fields": {"title": "Modern Curriculam", "image": "modern_curriculum-removebg-preview.png", "description": "The modern curriculum apart from subject or content- knowledge gives importance to provide practical experiences and knowledge to kids based on Psychology of Individual Differences through a conducive\r\nlearning environment."}}, {"model": "core.feature", "pk": "80713a00-e21b-4881-bf0e-1ee28c074548", "fields": {"title": "One to One", "image": "one_to_one.png", "description": "One-to-one sessions ensures the students interacts with the teacher individually, so that each can learn and understand concepts at their own pace and in their own way and identify their full potential."}}, {"model": "core.feature", "pk": "a30076db-979e-4db1-be90-6b8a4155a77f", "fields": {"title": "Assessment and Evaluation", "image": "Exams-bro.png", "description": "Well-designed assessment can encourage active learning especially when the assessment delivery is innovative and engaging. Proper tests and evaluation can benefit the student as curriculum and pace of\r\nteaching is customized as per the results."}}, {"model": "core.social", "pk": 8, "fields": {"order": 3, "icon": "images/SocialMediaIcons/instagram-logo-11545512111t0928udues.png", "link": "https://instagram.com/_little_genie?igshid=YmMyMTA2M2Y=", "is_active": true}}, {"model": "core.social", "pk": 10, "fields": {"order": 1, "icon": "images/SocialMediaIcons/Facebook_Logo_2019.png", "link": "https://www.facebook.com/littlegenie21/", "is_active": true}}, {"model": "core.faq", "pk": 6, "fields": {"question": "Who can join the course?", "answer": "Children who are of age between 3.5 and 7 can join the course."}}, {"model": "core.faq", "pk": 7, "fields": {"question": "What’s the duration of the course?", "answer": "1 year,5 months"}}, {"model": "core.faq", "pk": 8, "fields": {"question": "Are you teaching on a special curriculum?", "answer": "Yes, we provide a specially prepared curriculum for the kids to understand things in a way more easier."}}, {"model": "core.faq", "pk": 9, "fields": {"question": "How far this will benefit the kids?", "answer": "As long as the course is just meant for the kids, it obviously makes a huge impact on their learning skills and the future."}}, {"model": "teams.team", "pk": 4, "fields": {"photo": "images/team/team_1.png", "name": "John", "designation": "Executive Director", "description": "Lorem ipsum dolor sit amet, consectetur adipiscing elit. Donec viverra, nisl ac ullamcorper lobortis, turpis ante dictum sem, in varius odio tortor non quam. Nunc a commodo arcu. Cras rhoncus porttitor diam id porta. Aliquam ac tempor leo. Nunc sem lorem, rhoncus at imperdiet ut, eleifend non odio. Quisque lacinia efficitur consequat. Aliquam erat volutpat. Vestibulum sem leo, commodo nec sapien id, accumsan cursus odio. Ut finibus nunc quis dignissim vehicula. In ut aliquam dolor. Vestibulum aliquet orci varius, iaculis neque vitae, rutrum augue. Curabitur fermentum neque porta risus dignissim ultricies. Curabitur varius purus velit, nec porttitor eros mattis eget.", "facebook_url": null, "twitter_url": null, "linkedin_url": null, "instagram_url": null}}, {"model": "teams.team", "pk": 5, "fields": {"photo": "images/team/team_2.png", "name": "Joseph", "designation": "Executive Director", "description": "Lorem ipsum dolor sit amet, consectetur adipiscing elit. Donec viverra, nisl ac ullamcorper lobortis, turpis ante dictum sem, in varius odio tortor non quam. Nunc a commodo arcu. Cras rhoncus porttitor diam id porta. Aliquam ac tempor leo. Nunc sem lorem, rhoncus at imperdiet ut, eleifend non odio. Quisque lacinia efficitur consequat. Aliquam erat volutpat. Vestibulum sem leo, commodo nec sapien id, accumsan cursus odio. Ut finibus nunc quis dignissim vehicula. In ut aliquam dolor. Vestibulum aliquet orci varius, iaculis neque vitae, rutrum augue. Curabitur fermentum neque porta risus dignissim ultricies. Curabitur varius purus velit, nec porttitor eros mattis eget.", "facebook_url": null, "twitter_url": null, "linkedin_url": null, "instagram_url": null}}, {"model": "teams.team", "pk": 6, "fields": {"photo": "images/team/team_4.png", "name": "Name", "designation": "Designation", "description": "Lorem ipsum dolor sit amet, consectetur adipiscing elit. Donec viverra, nisl ac ullamcorper lobortis, turpis ante dictum sem, in varius odio tortor non quam. Nunc a commodo arcu. Cras rhoncus porttitor diam id porta. Aliquam ac tempor leo. Nunc sem lorem, rhoncus at imperdiet ut, eleifend non odio. Quisque lacinia efficitur consequat. Aliquam erat volutpat. Vestibulum sem leo, commodo nec sapien id, accumsan cursus odio. Ut finibus nunc quis dignissim vehicula. In ut aliquam dolor. Vestibulum aliquet orci varius, iaculis neque vitae, rutrum augue. Curabitur fermentum neque porta risus dignissim ultricies. Curabitur varius purus velit, nec porttitor eros mattis eget.", "facebook_url": null, "twitter_url": null, "linkedin_url": null, "instagram_url": null}}, {"model": "teams.team", "pk": 7, "fields": {"photo": "images/team/team_3.png", "name": "Name", "designation": "Designation", "description": "Lorem ipsum dolor sit amet, consectetur adipiscing elit. Donec viverra, nisl ac ullamcorper lobortis, turpis ante dictum sem, in varius odio tortor non quam. Nunc a commodo arcu. Cras rhoncus porttitor diam id porta. Aliquam ac tempor leo. Nunc sem lorem, rhoncus at imperdiet ut, eleifend non odio. Quisque lacinia efficitur consequat. Aliquam erat volutpat. Vestibulum sem leo, commodo nec sapien id, accumsan cursus odio. Ut finibus nunc quis dignissim vehicula. In ut aliquam dolor. Vestibulum aliquet orci varius, iaculis neque vitae, rutrum augue. Curabitur fermentum neque porta risus dignissim ultricies. Curabitur varius purus velit, nec porttitor eros mattis eget.", "facebook_url": null, "twitter_url": null, "linkedin_url": null, "instagram_url": null}}]